FFMC,BUI,WSV,WindDir,FWIBin,Season,Ecoregion
91.01956451,9.128637671,2.35,230,1,Spring,All
91.27293547,11.39025714,2.76,49,1,Spring,All
90.94738166,12.97328611,5.01,72,1,Spring,All
89.72321893,5.742845076,2.32,246,1,Spring,All
89.77248502,3.929421687,4.34,214,1,Spring,All
89.82176738,5.428485138,2.38,240,1,Spring,All
89.87106602,3.639853128,4.54,65,1,Spring,All
89.92038093,5.342144279,0,75,1,Spring,All
89.96971212,7.062669186,3.13,291,1,Spring,All
90.01905959,8.785071045,3.17,56,1,Spring,All
90.34802785,10.31989345,2.14,287,1,Spring,All
91.56547701,12.1878623,3.48,240,1,Spring,All
92.61458978,14.52585065,2.51,215,1,Spring,All
93.00296881,14.04222824,2.12,247,1,Spring,All
93.36577619,16.63077398,2.41,240,1,Spring,All
93.66083832,19.60494762,2.94,215,1,Spring,All
93.40416241,22.25668665,4.56,253,1,Spring,All
93.13986776,24.45478219,1.52,268,1,Spring,All
93.17568706,25.90689114,3.96,236,1,Spring,All
93.226093,26.20225166,1.94,222,1,Spring,All
93.26960187,26.48852417,3.5,156,1,Spring,All
93.44529702,27.2513679,0.99,247,1,Spring,All
94.57792841,28.68415133,2.68,240,1,Spring,All
95.45144337,31.21421485,1.53,257,1,Spring,All
96.06846917,34.58071875,2.33,142,1,Spring,All
96.11983016,38.37410528,3.6,185,1,Spring,All
95.06769517,41.2722614,4.96,72,1,Spring,All
93.30107341,43.36229559,3.54,190,1,Spring,All
92.74936937,45.3649254,0.99,229,1,Spring,All
92.78165546,47.67774214,1.64,272,1,Spring,All
92.8319313,50.2094326,2.79,266,1,Spring,All
92.88222374,30.63777608,1.81,228,1,Spring,All
87.57529275,10.97811165,2.57,350,1,Spring,All
87.62384971,6.29220263,2.18,233,1,Spring,All
88.35371387,8.314023817,2.6,60,1,Spring,All
88.74790114,10.42041209,1.82,341,1,Spring,All
89.37549628,7.776974577,2.05,222,1,Spring,All
90.27302868,10.2371109,4.77,295,1,Spring,All
92.16859139,13.48688015,2.33,14,1,Spring,All
93.88412392,17.05975156,3.71,141,1,Spring,All
94.91729816,21.05501127,2.1,210,1,Spring,All
95.18266866,25.18897674,2.63,257,1,Summer,All
95.21738058,29.00075222,3.32,346,1,Summer,All
94.78580235,32.28867287,1.79,239,1,Summer,All
94.26740907,35.3373132,3.61,188,1,Summer,All
93.67976806,32.50863713,0,270,1,Summer,All
93.54149351,32.25494976,7.09,236,1,Summer,All
93.59202021,34.66929765,2.1,233,1,Summer,All
93.64256359,37.38279913,2.89,79,1,Summer,All
94.11262712,40.51038821,4.23,232,1,Summer,All
94.6847552,43.93981539,2.4,276,1,Summer,All
94.89323682,47.94594717,4.66,224,1,Summer,All
94.9442098,51.72238309,2.89,236,1,Summer,All
94.9951996,55.53089803,4.63,251,1,Summer,All
95.76327623,60.14623873,1.49,248,1,Summer,All
96.54768807,64.86005137,2.12,258,2,Summer,All
96.59920727,69.67575309,3.32,190,2,Summer,All
96.17672125,74.08474722,2.68,252,2,Summer,All
95.81607176,78.31896926,3.26,328,2,Summer,All
95.38487943,82.13772452,2.46,41,2,Summer,All
95.26041011,85.45429231,1.92,223,2,Summer,All
95.2620655,88.38508742,2.16,40,2,Summer,All
96.20309682,92.43379134,2.65,243,2,Summer,All
97.29316376,97.41080732,2.94,256,2,Summer,All
97.45955216,103.0336341,2.87,249,3,Summer,All
97.51137241,108.305765,2.05,241,3,Summer,All
97.37864346,113.0378123,2.53,232,3,Summer,All
97.17877536,117.7200647,4.81,338,3,Summer,All
96.97056907,122.3171983,2.94,325,3,Summer,All
96.54108735,86.97933534,1.4,198,2,Summer,All
95.74869868,91.05399471,0.35,236,2,Summer,All
95.79995409,95.64290534,1.02,212,2,Summer,All
95.85122642,100.7607748,1.86,50,2,Summer,All
95.90251568,106.1797434,1.88,234,2,Summer,All
95.74963825,111.3223125,1.62,219,2,Summer,All
95.55693357,116.3738385,3.69,171,2,Summer,All
95.2752709,121.2237057,4.02,241,2,Summer,All
95.32637,126.2748693,0.68,199,2,Summer,All
95.37748598,131.4479991,1.6,358,2,Summer,All
95.84443353,136.6225439,2.83,44,2,Summer,All
95.89572055,141.5894381,1.53,251,2,Summer,All
95.77440461,146.1407951,2.18,220,2,Summer,All
95.27330448,150.3869773,5.1,236,3,Summer,All
95.02145141,154.5764279,2.92,242,2,Summer,All
94.73987039,158.7136299,5.39,17,3,Summer,All
94.20285337,162.2494915,1.82,233,2,Summer,All
93.94143176,165.4399069,1.19,219,2,Summer,All
93.70944383,168.6539609,2.38,252,2,Summer,All
93.76002598,171.9816994,1.17,210,2,Summer,All
94.16822907,175.6167738,0.91,61,2,Summer,All
94.59987128,179.8997732,1.82,295,2,Summer,All
94.65074741,183.9427511,1.14,239,2,Summer,All
94.30830349,187.6124157,1.96,48,2,Summer,All
94.31747617,191.4027887,1.94,209,2,Summer,All
94.36825906,195.4715875,0.5,232,2,Summer,All
94.41905872,199.654668,0.37,235,2,Summer,All
94.83241246,204.1992439,5.87,233,3,Summer,All
95.16558045,208.88618,1.51,266,2,Summer,All
95.33312297,213.688855,1.38,277,2,Summer,All
95.38424118,218.3662449,2.18,191,3,Summer,All
94.76850938,222.327737,1.96,233,2,Summer,All
94.34726264,226.1179848,1.12,258,2,Summer,All
93.95646115,229.7723217,1.88,224,2,Summer,All
93.83710212,233.482293,1.1,228,2,Summer,All
93.64420176,237.1536716,1.88,236,2,Summer,All
93.5205822,240.7075833,2.03,252,2,Summer,All
93.33533377,244.2735448,0.76,252,2,Summer,All
93.34899788,247.9395094,1.43,246,2,Summer,All
93.39946103,251.8072024,2.46,250,2,Summer,All
93.44994084,255.9829963,1.96,221,2,Summer,All
93.50043732,144.9988532,1.53,232,2,Summer,All
93.45493258,128.1728622,2.63,60,2,Summer,All
93.01479053,87.10421468,2.33,235,1,Summer,All
92.57311834,44.1289429,1.97,234,1,Summer,All
90.42086329,24.87919433,1.58,282,1,Summer,All
90.38696155,16.89309344,2.2,239,1,Summer,All
90.43644679,15.2371727,2.04,251,1,Summer,All
90.98752198,15.48000784,1.47,252,1,Summer,All
91.7432266,16.6755948,1.36,247,1,Summer,All
92.26412352,20.27628925,1.66,248,1,Summer,All
92.36087182,24.85837706,1.88,254,1,Summer,All
92.41100874,19.0687907,1.9,163,1,Summer,All
91.8937144,14.02936624,1.34,220,1,Summer,All
90.29423176,10.0066442,2.66,255,1,Summer,All
90.20520571,8.384329161,2.31,228,1,Summer,All
90.25463094,8.152926328,0.86,236,1,Summer,All
90.30407248,9.305326668,1.28,224,1,Summer,All
90.75746343,13.64334966,2.12,88,1,Summer,All
91.50291283,18.98606328,5.59,256,1,Summer,All
92.32352468,24.49699595,2.65,260,1,Summer,All
93.16981876,29.91133596,2.16,277,1,Summer,All
93.22022275,34.96313631,4.79,258,1,Summer,All
93.27064339,36.97679279,1.45,92,1,Summer,All
93.32108067,28.87806477,0.22,45,1,Summer,All
93.3715346,28.64195465,2.23,343,1,Summer,All
93.24458817,32.13661011,1.12,235,1,Summer,All
93.13143232,32.23664691,1.88,245,1,Summer,All
93.10148803,36.69470988,1.82,224,1,Summer,All
93.15186946,41.35876618,1.4,232,1,Summer,All
93.4193316,46.2686424,1.45,234,1,Summer,All
93.46981797,50.83066191,1.94,55,1,Summer,All
93.35589187,51.03250478,1.68,18,1,Summer,All
92.9175942,52.47441252,1.27,63,1,Summer,All
92.31486091,38.75915991,1.53,337,1,Summer,All
91.39203167,23.40253535,2.33,42,1,Summer,All
91.43568207,17.58376608,0.88,285,1,Summer,All
91.48551354,14.86450929,1.4,85,1,Summer,All
91.68396644,15.61238364,1.84,58,1,Summer,All
92.26744545,19.39955366,2.25,46,1,Summer,All
93.23065719,24.40348287,1.79,243,1,Summer,All
93.28108127,29.21545928,2.03,236,1,Summer,All
93.33152199,33.74717201,1.4,238,1,Summer,All
93.38197937,34.30286685,0.93,250,1,Summer,All
93.43245341,34.94590644,2.07,67,1,Summer,All
92.60128853,28.72595481,1.73,49,1,Summer,All
92.65150483,32.54574043,2.03,255,1,Summer,All
92.81932483,36.64576577,1.43,28,1,Summer,All
92.86961311,40.73407079,1.81,237,1,Summer,All
92.91991799,44.46947564,2.18,242,1,Summer,All
92.82568552,47.80592415,2.2,33,1,Summer,All
93.00670251,51.4353368,2.2,61,1,Summer,All
93.05705265,54.88475187,2.38,219,1,Summer,All
93.10741941,58.21505245,1.97,65,1,Fall,All
93.1578028,61.38532121,1.56,43,1,Fall,All
93.20820283,64.6222756,3.11,17,1,Fall,All
93.25861949,67.50121531,1.13,29,1,Fall,All
93.04610421,70.0466497,1.47,158,1,Fall,All
92.7755853,72.4957393,1.25,258,1,Fall,All
92.51140626,74.87510618,2.6,186,1,Fall,All
92.4191537,77.19592018,1.14,210,1,Fall,All
92.46930986,79.63142354,1.21,219,1,Fall,All
92.51948258,82.16320094,2.5,249,1,Fall,All
92.56967186,84.70009769,1.32,250,1,Fall,All
93.05860608,87.2077788,1.82,350,1,Fall,All
93.53931799,89.84422504,1.94,41,1,Fall,All
93.96543791,92.54975886,5.07,204,2,Fall,All
94.26118351,95.4675994,2.87,194,2,Fall,All
94.31194782,98.29946682,3.19,237,2,Fall,All
93.49013763,100.4465532,2.25,137,1,Fall,All
92.42402109,91.54027358,1.49,183,1,Fall,All
92.47417886,93.63891802,1.84,240,1,Fall,All
94.24736208,95.92032903,1.62,225,2,Fall,All
95.03642905,98.41485598,0.99,21,2,Fall,All
95.35970862,101.0522786,1.47,275,2,Fall,All
95.51185318,103.7868779,2.29,58,2,Fall,All
95.5630304,106.5841773,2.79,241,2,Fall,All
95.61422451,109.3238295,0.88,30,2,Fall,All
95.37623772,111.9264842,1.53,40,2,Fall,All
94.60984519,114.2879024,2.31,47,2,Fall,All
94.31015478,116.599758,1.97,66,2,Fall,All
94.36093526,118.7868333,1.92,78,2,Fall,All
94.4117325,120.9710805,2.55,357,2,Fall,All
94.50919347,123.3150031,1.55,255,2,Fall,All
94.56003965,125.3592179,1.77,223,2,Fall,All
94.70280908,127.1545383,0.69,33,2,Fall,All
94.85006501,128.9407503,1.47,252,2,Fall,All
95.56778323,130.868118,1.21,90,2,Fall,All
95.61897891,132.8588542,1.6,64,2,Fall,All
95.67019149,134.9563303,1.75,35,2,Fall,All
95.58818327,136.9669458,0.43,44,2,Fall,All
94.61721814,138.7487305,0.99,322,2,Fall,All
94.06565343,140.5089095,0.41,62,2,Fall,All
94.11635318,142.2144634,0.97,236,2,Fall,All
94.83026278,144.1447189,2.27,318,2,Fall,All
94.88121497,145.9969995,2.09,43,2,Fall,All
95.03655093,147.9235395,1.23,264,2,Fall,All
95.08757122,149.8271846,2.43,322,2,Fall,All
95.13860836,151.7435079,3.11,277,2,Fall,All
94.65345934,153.4008603,2.48,54,2,Fall,All
90.88849672,9.275313869,1.52,223,1,Spring,All
93.01317832,12.54075495,1.62,255,1,Spring,All
94.07569365,16.00727674,2.27,248,1,Spring,All
94.39046473,19.5858302,3.09,118,1,Spring,All
94.44127172,22.87722453,2.85,317,1,Spring,All
93.8536337,25.07308959,2.38,28,1,Spring,All
93.71207263,26.52197869,1.55,262,1,Spring,All
93.76265565,28.53835094,3.28,239,1,Spring,All
93.81325537,31.2517004,1.53,46,1,Spring,All
93.93160653,34.22079754,2.72,220,1,Spring,All
94.39619913,37.35527345,2.09,234,1,Spring,All
94.42840239,40.09696842,1.79,42,1,Spring,All
93.72044951,42.23171993,3.74,295,1,Spring,All
93.62942747,43.20118393,1.96,207,1,Spring,All
93.37930575,26.33782292,1.73,33,1,Spring,All
92.68985769,20.89785008,2.12,247,1,Spring,All
92.67145583,22.90292837,1.32,103,1,Spring,All
92.66382673,25.012764,2.09,238,1,Spring,All
92.71406367,27.77630138,6.39,212,1,Spring,All
92.7643172,30.51913261,2.26,227,1,Spring,All
92.06945095,26.23196848,3.78,72,1,Spring,All
91.33245344,28.18595382,1.97,220,1,Spring,All
90.84557136,18.29109117,1.68,248,1,Spring,All
90.895208,17.0647086,3.49,241,1,Spring,All
91.70597266,18.90250557,3.43,260,1,Spring,All
92.33463764,21.08224195,1.96,250,1,Spring,All
93.65640959,23.69099047,4.51,264,1,Spring,All
94.48123083,26.45246618,2.57,285,1,Spring,All
95.20422872,29.58067098,5.36,241,1,Spring,All
95.25530438,32.6913408,1.16,8,1,Spring,All
95.3063969,36.28100823,1.7,76,1,Spring,All
95.35750628,39.96488054,2.92,258,1,Spring,All
95.40863254,43.60284341,2.37,324,1,Spring,All
95.45977568,47.01037772,4.92,46,1,Spring,All
95.47332002,50.41188058,2.98,27,1,Spring,All
95.52448451,54.13200385,1.9,206,1,Spring,All
95.5756659,58.5701719,6.43,224,2,Spring,All
95.45178199,62.606152,4.94,280,2,Spring,All
95.50293937,66.16515431,2.83,226,1,Spring,All
95.50087501,69.99125427,2.1,165,1,Spring,All
94.96261203,73.39549522,2.48,306,1,Spring,All
94.89624231,76.8716024,2.59,275,1,Summer,All
94.94721628,80.84180754,1.77,273,1,Summer,All
95.60136682,85.11976679,2.29,273,2,Summer,All
95.65257359,89.59841078,2.46,256,2,Summer,All
95.70379727,93.88266689,1.94,97,2,Summer,All
95.15388925,97.76050904,5.19,219,2,Summer,All
94.61886405,101.0616322,2.5,205,2,Summer,All
94.10615138,88.44600261,1.45,236,1,Summer,All
93.87591008,72.32517859,3.22,268,1,Summer,All
93.73207067,74.62590607,5.36,236,1,Summer,All
93.78266029,77.00340351,1.49,222,1,Summer,All
94.67356341,80.17600034,0.48,217,1,Summer,All
96.04876149,83.91698298,5.94,254,2,Summer,All
96.33320918,87.95310686,2.7,186,2,Summer,All
96.38465757,92.07268536,3.26,241,2,Summer,All
96.37882686,96.26396838,2.72,19,2,Summer,All
96.43029031,100.9168379,2.65,245,2,Summer,All
96.48177075,105.9086641,2.33,245,2,Summer,All
96.53326819,110.7479946,2.51,260,2,Summer,All
96.58478262,115.7203485,1.68,233,2,Summer,All
96.63631407,120.3960898,4.82,247,3,Summer,All
96.44663281,124.8206575,2.68,339,3,Summer,All
96.08706285,128.8565043,1.88,210,2,Summer,All
95.94989766,132.9733418,1.97,222,2,Summer,All
96.04509152,137.792575,2.16,280,2,Summer,All
96.09644478,142.5428201,2.18,238,3,Summer,All
96.147815,146.9266302,2.53,32,3,Summer,All
96.19920218,151.3094262,4.58,71,3,Summer,All
96.25060633,155.6773599,1.83,222,3,Summer,All
95.87684617,159.6703941,2.33,270,3,Summer,All
95.15469805,163.4703288,1.9,236,2,Summer,All
94.72015804,167.4258394,3.26,246,2,Summer,All
94.77107388,171.9150658,3.17,212,2,Summer,All
94.74441085,176.3455534,1.82,242,2,Summer,All
94.79533469,180.8386832,1.49,190,2,Summer,All
96.37677586,185.8629466,1.82,269,3,Summer,All
97.91957478,191.3481312,1.88,241,4,Summer,All
98.48424544,196.9933965,2.1,223,4,Summer,All
98.53640399,202.9123352,1.66,262,4,Summer,All
98.58857977,209.0113801,2.61,251,5,Summer,All
98.62618797,215.4173224,2.05,205,5,Summer,All
98.56345931,221.8768179,4.4,235,5,Summer,All
98.61564402,228.4459917,2.14,177,5,Summer,All
98.626897,235.1460747,4.1,33,5,Summer,All
98.22746244,241.4768539,4.92,276,5,Summer,All
97.4029815,246.4842966,1.71,221,4,Summer,All
96.74643662,251.1608751,1.71,236,3,Summer,All
96.08092159,255.1684188,2.37,255,3,Summer,All
96.04165787,259.2233442,0.86,360,3,Summer,All
96.09301001,263.5632147,5.7,151,4,Summer,All
96.34328013,268.3204461,2.74,219,3,Summer,All
97.03426239,273.2845338,1.32,200,3,Summer,All
97.08594223,278.3387176,2.29,339,4,Summer,All
97.25515511,283.5921555,3.25,228,4,Summer,All
97.4434985,289.0641812,2.44,254,4,Summer,All
97.49531345,294.551444,2.46,229,4,Summer,All
97.54714551,300.1220628,3.13,224,4,Summer,All
97.59899468,305.6794111,1.92,224,4,Summer,All
97.35992024,310.8573446,2.61,245,4,Summer,All
96.07069414,153.6540663,3.65,331,3,Summer,All
95.44909633,126.8320723,5.62,208,3,Summer,All
95.22837901,131.7236629,1.16,264,2,Summer,All
95.17244497,136.570366,1.97,261,2,Summer,All
95.11532899,141.2804893,1.62,209,2,Summer,All
94.95812219,145.8075656,2.12,246,2,Summer,All
94.52714874,150.0084804,1.79,240,2,Summer,All
94.2569124,153.9953556,0.89,171,2,Summer,All
94.08423282,158.0232624,2.18,3,2,Summer,All
94.11370657,162.2204195,1.38,236,2,Summer,All
93.96172794,166.347978,1.92,237,2,Summer,All
93.61465021,170.2999881,1.43,207,2,Summer,All
93.39649979,174.1832692,3.71,208,2,Summer,All
93.43330045,178.1614342,2.66,301,2,Summer,All
93.48379143,157.9992453,0.89,221,2,Summer,All
93.53429909,162.4367959,2.68,299,2,Summer,All
93.58482341,127.3807725,0.91,248,2,Summer,All
93.63536442,114.776249,1.97,246,2,Summer,All
93.68592211,119.4133676,1.04,79,2,Summer,All
93.7364965,124.1856832,0.82,247,2,Summer,All
93.78708758,128.918177,2.35,64,2,Summer,All
93.83769536,133.7197651,1.4,242,2,Summer,All
94.61398109,138.842527,1.64,261,2,Summer,All
95.15029617,144.0332811,0.99,62,2,Summer,All
95.20135402,149.1011606,2.52,276,2,Summer,All
95.25242872,154.1290138,1.68,37,2,Summer,All
95.30352029,159.2577089,1.42,232,2,Summer,All
95.94902509,164.6322298,0.89,236,2,Summer,All
96.08247322,170.0230177,1.86,290,3,Summer,All
96.0400726,175.0591353,5.89,238,3,Summer,All
96.04206776,180.0150998,2.35,233,3,Summer,All
96.09342003,185.0345059,1.9,233,3,Summer,All
96.14478925,182.6499927,1.62,252,3,Summer,All
96.19617543,187.9504237,1.55,234,3,Summer,All
96.44193765,193.3232946,2.29,195,3,Summer,All
96.49342194,198.4247675,1.36,235,3,Summer,All
95.7948666,202.9089362,1.86,185,3,Summer,All
94.93917621,207.1062767,1.73,271,2,Summer,All
94.83922512,211.3249784,2.5,218,2,Summer,All
94.89018027,215.6754482,1.99,311,2,Summer,All
94.45491467,151.1623368,3.56,217,2,Summer,All
93.65439087,149.9556071,1.34,263,2,Summer,All
93.46835661,129.1229267,1.27,350,2,Summer,All
93.36609019,88.33412475,1.68,224,1,Summer,All
93.21375601,71.1580018,2.16,228,1,Summer,All
93.26417451,59.32080023,1.84,262,1,Summer,All
93.31460966,62.99901093,2.25,227,1,Summer,All
93.336711,61.68000873,1.55,196,1,Summer,All
93.38717009,66.90066837,0.86,17,1,Summer,All
93.43764584,72.07348701,2.35,60,1,Summer,All
93.15272151,54.16524027,1.79,195,1,Summer,All
90.98075973,27.91208681,3.28,171,1,Summer,All
90.40501567,15.62469027,1.17,270,1,Summer,All
89.87319836,10.88765809,1.7,196,1,Summer,All
89.92251397,7.809979214,1.08,63,1,Summer,All
90.04039508,7.616014217,2.09,203,1,Summer,All
90.08976589,8.178221718,2.87,38,1,Summer,All
90.13915301,7.343089443,2.07,246,1,Summer,All
89.76068051,5.95116789,2.68,173,1,Summer,All
90.01711641,10.33910999,1.59,57,1,Summer,All
90.97013987,15.05412106,1.01,17,1,Summer,All
91.60629475,19.82700231,1.87,218,1,Summer,All
92.22517638,24.61602592,3.67,275,1,Fall,All
92.75174022,29.41492741,4.04,202,1,Fall,All
92.94107132,33.99158281,0.72,226,1,Fall,All
92.83347243,38.00867272,1.36,224,1,Fall,All
92.44146679,41.59684885,1.75,259,1,Fall,All
92.49163032,45.35113767,1.04,242,1,Fall,All
92.54181041,49.27624622,1.84,290,1,Fall,All
92.59200706,53.0534992,0.89,260,1,Fall,All
92.22346154,56.19600485,1.28,224,1,Fall,All
92.2735531,59.54353606,1.32,24,1,Fall,All
92.32366119,62.95139721,1.69,325,1,Fall,All
92.37378582,66.34853493,2.49,247,1,Fall,All
92.30901322,69.51559645,1.42,53,1,Fall,All
91.17056705,52.91045711,1.43,222,1,Fall,All
89.7654292,33.53233089,1.66,61,1,Fall,All
89.41881403,26.02330358,2.76,42,1,Fall,All
90.2622276,24.8828232,1.06,34,1,Fall,All
91.72629049,28.15049531,0.41,202,1,Fall,All
92.37458192,31.73298419,1.94,268,1,Fall,All
92.42472337,35.17068416,1.08,127,1,Fall,All
92.83947606,29.17578809,1.63,51,1,Fall,All
92.88977099,32.21650166,3.58,183,1,Fall,All
92.66434998,27.5871966,1.1,6,1,Fall,All
92.69025173,30.60341301,0.22,41,1,Fall,All
92.74049739,34.03950197,1.43,335,1,Fall,All
92.79075964,37.38114999,6.66,45,1,Fall,All
92.84103849,40.51372183,2.29,57,1,Fall,All
92.81320913,43.34696807,1.19,71,1,Fall,All
93.11090915,45.81652387,3.66,48,1,Fall,All
93.6978032,47.97187302,2.72,329,1,Fall,All
94.0631727,49.93635735,1.14,310,1,Fall,All
94.20440138,51.62930169,1.99,36,1,Fall,All
94.25514694,53.20492127,1.16,332,1,Fall,All
94.30590925,55.26861406,2.33,247,1,Fall,All
93.84309247,57.44295513,1.55,64,1,Fall,All
93.65127268,59.69331271,1.51,56,1,Fall,All
93.70183562,62.27494907,1.73,232,1,Fall,All
93.75241526,64.67426346,1.84,244,1,Fall,All
92.43184591,25.96350104,1.55,167,1,Fall,All
91.71995113,18.30705766,1.02,84,1,Fall,All
91.24003512,20.04039211,4.35,217,1,Fall,All
91.28980199,21.63299699,3.89,67,1,Fall,All
91.3395853,23.27162589,4.54,235,1,Fall,All
92.13340504,25.45159595,2.27,275,1,Fall,All
92.75142655,27.90370724,4.43,302,1,Fall,All
92.6972887,29.67858044,2.87,57,1,Fall,All
92.52201521,30.78008584,1.62,197,1,Fall,All
88.90720085,8.194792667,2.09,236,1,Spring,All
89.52862498,9.822000725,2.92,213,1,Spring,All
89.78895804,11.24562973,3.09,215,1,Spring,All
91.02352247,12.6601431,1.42,253,1,Spring,All
92.49761741,14.57539272,2.98,182,1,Spring,All
93.6652607,17.14563172,2.53,218,1,Spring,All
94.24916412,19.95891445,2.38,244,1,Spring,All
94.34395131,22.84433422,2.05,266,1,Spring,All
94.39474294,25.80813545,2.65,288,1,Spring,All
94.38337041,28.61752879,1.7,39,1,Spring,All
95.04728848,31.93807455,2.81,263,1,Spring,All
95.75106504,35.67739472,2.21,314,1,Spring,All
95.78698904,39.32037091,2.23,255,1,Spring,All
95.3495437,42.49981612,2.18,280,1,Spring,All
94.90179535,45.46176298,2.76,224,1,Spring,All
94.96500692,48.53441334,0.54,360,1,Spring,All
95.0160036,52.02180393,3.5,234,1,Spring,All
94.89440497,55.46185029,5.89,234,1,Spring,All
94.61135169,58.66318016,2.44,226,1,Spring,All
94.39208341,61.89734413,2.98,287,1,Spring,All
94.7210856,65.45191878,2.7,266,1,Spring,All
94.77200175,69.05232107,3.17,233,1,Spring,All
95.65469267,73.07434657,4.42,246,2,Spring,All
95.70591705,77.10509805,4.51,2,2,Spring,All
95.51452937,80.64350618,1.34,215,2,Spring,All
94.91978743,83.70280975,3.39,188,2,Spring,All
93.78044022,86.31623969,2.91,246,1,Spring,All
93.18616414,87.76545938,1.97,308,1,Spring,All
92.86840489,85.16113567,5.5,207,1,Spring,All
93.36658703,86.37164026,1.75,270,1,Spring,All
95.1089383,88.62232977,3.13,256,2,Spring,All
96.09256411,92.00327812,4.21,16,2,Spring,All
96.04817715,95.18739216,4.02,230,2,Spring,All
95.51642197,83.08335102,2.7,240,2,Spring,All
95.5003217,86.55803743,4.36,254,2,Spring,All
95.55149511,90.06970945,2.92,27,2,Spring,All
95.60268542,93.9488162,2.29,302,2,Spring,All
95.24549522,97.35382258,3.06,335,2,Spring,All
95.27766098,101.1292802,5.01,230,2,Spring,All
95.32876088,105.1459611,3.37,332,2,Spring,All
95.37987764,109.3398125,1.4,210,2,Spring,All
95.43101129,113.6948669,3.61,237,2,Summer,All
95.48216182,118.0674366,1.92,276,2,Summer,All
95.53332923,122.5611709,2.65,217,2,Summer,All
95.58451354,127.2154129,2.07,234,2,Summer,All
95.63571474,131.6473599,1.82,300,2,Summer,All
95.48647372,135.6117367,1.75,223,2,Summer,All
95.46601478,139.3930668,1.97,286,2,Summer,All
95.44279846,143.1375832,4.45,129,3,Summer,All
95.79036033,147.6614096,2.7,276,3,Summer,All
95.8416295,152.1233472,3.45,261,3,Summer,All
95.59814038,155.9765229,1.45,303,2,Summer,All
95.20213449,159.4899002,5.35,238,3,Summer,All
94.47635331,162.3366665,2.12,23,2,Summer,All
94.00992467,165.3542085,0.84,267,2,Summer,All
94.06060602,169.2774496,1.73,222,2,Summer,All
94.20933907,173.2938887,2.1,253,2,Summer,All
94.26008626,146.6455137,2.83,248,2,Summer,All
94.72240759,151.1471784,1.82,242,2,Summer,All
94.98393844,155.9819629,0.92,237,2,Summer,All
95.11545721,160.8318815,3.48,231,2,Summer,All
96.1394672,166.1027806,2.46,235,3,Summer,All
96.27306066,171.3676523,1.62,216,3,Summer,All
96.32448919,176.508386,1.62,36,3,Summer,All
96.3759347,181.9001396,3.67,220,3,Summer,All
96.42739719,186.9954134,2.18,242,3,Summer,All
96.40532665,191.9175608,2.4,10,3,Summer,All
96.45679885,197.0296942,2.3,328,3,Summer,All
96.50828804,202.4312205,2.33,279,3,Summer,All
96.91544751,208.3818094,1.45,248,3,Summer,All
97.410524,214.5969406,3.09,218,4,Summer,All
97.46232806,220.4224263,1.49,258,4,Summer,All
97.51414923,226.3570977,4.23,218,4,Summer,All
97.5659875,232.3668875,1.77,236,4,Summer,All
97.61784289,238.5353417,2.5,37,4,Summer,All
97.6697154,244.9183121,3.11,319,4,Summer,All
97.51202917,250.7203198,3.28,241,4,Summer,All
96.41315661,132.6313905,1.97,226,3,Summer,All
95.49854056,127.8064349,1.72,276,2,Summer,All
94.93783945,131.7698388,3.48,255,2,Summer,All
94.82850934,135.6998953,4.94,295,2,Summer,All
94.86001017,139.7743079,5.4,297,2,Summer,All
94.91097218,143.9644546,2.16,304,2,Summer,All
94.96195101,148.1822753,3.61,238,2,Summer,All
95.01294668,152.5453742,4.02,281,2,Summer,All
95.06395918,156.9309945,3.28,252,2,Summer,All
94.85237015,160.892795,2.68,218,2,Summer,All
94.83746527,164.6560852,1.82,236,2,Summer,All
94.71065091,168.4887753,1.92,193,2,Summer,All
94.35164199,172.16275,2.31,44,2,Summer,All
93.77476554,109.3476671,1.27,234,2,Summer,All
92.01122206,76.55689931,3.87,237,1,Summer,All
92.06124355,81.05094629,1.32,253,1,Summer,All
93.05263516,86.27831041,1.58,257,1,Summer,All
95.53340181,92.43648909,3.8,27,2,Summer,All
96.59876342,98.916564,1.58,54,2,Summer,All
96.7416868,105.3534345,2.76,176,2,Summer,All
96.79327005,111.6156808,1.43,284,2,Summer,All
96.84487032,117.3975381,2.66,283,3,Summer,All
96.64902485,122.6666916,1.53,238,2,Summer,All
96.57572429,127.8082225,1.92,246,3,Summer,All
96.39429199,132.9719356,0.65,213,2,Summer,All
96.44576054,138.5446888,2.09,51,3,Summer,All
96.49724609,143.9065598,1.6,29,3,Summer,All
96.42726285,148.9351686,2.31,230,3,Summer,All
95.41342549,153.6358283,1.68,231,2,Summer,All
94.95487609,144.3473797,3,251,2,Summer,All
94.42567233,131.4983884,3.25,296,2,Summer,All
93.86375816,119.6965906,1.21,196,2,Summer,All
93.45574399,100.9829124,1.96,228,1,Summer,All
92.74274754,69.60032343,5.61,202,1,Summer,All
92.71195085,57.48292881,0.89,202,1,Summer,All
92.76220368,60.33826116,4.32,271,1,Summer,All
92.8124731,66.30599643,0.88,254,1,Summer,All
92.86275912,64.62228588,0.91,28,1,Summer,All
92.91306173,53.69472207,1.62,246,1,Summer,All
92.96338096,46.80541792,3.17,238,1,Summer,All
93.0137168,53.14162674,1.96,249,1,Summer,All
93.04675695,37.73999392,1.12,246,1,Summer,All
92.90467945,28.79753729,0.98,198,1,Summer,All
92.49594097,23.01156608,2.98,218,1,Summer,All
91.71591534,16.48922574,1.79,190,1,Summer,All
90.91535337,12.1336108,2.72,350,1,Summer,All
90.8374915,10.10449411,2.94,262,1,Summer,All
90.8726629,9.275277402,1.08,226,1,Summer,All
90.82207755,9.427093202,1.16,259,1,Summer,All
90.83594653,9.279376221,2.03,217,1,Summer,All
90.88558,10.65956956,3.13,220,1,Summer,All
91.66408291,12.86996288,1.55,257,1,Summer,All
93.16109711,19.99485019,1.84,244,1,Summer,All
93.79122345,26.90069251,1.04,252,1,Summer,All
94.35929906,33.62923731,1.1,190,1,Summer,All
94.70026564,40.23776287,3.19,250,1,Summer,All
95.2866997,46.97618334,1.16,331,1,Summer,All
95.48397119,53.63783167,3.45,233,1,Summer,All
95.5351392,59.65459398,0.8,268,1,Summer,All
95.27537665,65.08432248,0.8,271,1,Summer,All
95.00537842,70.25673107,1.32,288,1,Summer,All
94.78612442,75.21076652,1.12,198,1,Summer,All
94.65573106,80.0061654,1.73,216,1,Summer,All
94.70662563,84.84621597,1.47,219,1,Summer,All
94.757537,89.72440811,2.94,197,2,Summer,All
94.80846518,94.61058365,1.17,54,2,Summer,All
94.85941018,99.3498513,2.05,268,2,Summer,All
94.85543569,90.56082003,2.01,36,2,Summer,All
94.47207058,81.91129472,1.81,25,1,Summer,All
94.57869547,87.30555081,1.94,280,1,Summer,All
94.98899161,92.81059879,2.76,343,2,Summer,All
95.0399962,97.94561507,1.58,226,2,Summer,All
94.33276259,101.6633428,2.19,38,2,Summer,All
93.70843633,105.171603,2.09,182,2,Summer,All
93.75901815,109.0707035,2.35,231,2,Summer,All
94.49215808,113.3039202,1.27,55,2,Summer,All
94.55889351,117.4495075,1.51,50,2,Summer,All
94.60975611,121.3595218,2.16,237,2,Summer,All
94.66063549,125.0634963,1.19,18,2,Summer,All
94.26813631,128.4849144,2.22,315,2,Summer,All
93.03717138,80.74471188,1.82,149,1,Summer,All
91.96491558,71.85792263,2.01,33,1,Summer,All
92.01492177,75.06225741,0.91,61,1,Summer,All
92.06494447,78.5680878,1.7,12,1,Summer,All
93.18731274,82.55819455,1.79,265,1,Summer,All
94.02011547,86.7808697,0.97,42,1,Fall,All
94.73811719,91.2095475,1.94,261,2,Fall,All
95.02154662,95.62698128,1.97,225,2,Fall,All
95.23966796,100.0181903,1.47,156,2,Fall,All
95.30755222,104.4061104,1.79,176,2,Fall,All
95.35866199,108.6473337,1.32,46,2,Fall,All
95.40978863,112.7055991,1.6,53,2,Fall,All
95.22484859,116.4168551,1.25,19,2,Fall,All
94.34363358,119.6274634,2.72,253,2,Fall,All
94.38468315,122.7157001,0.91,250,2,Fall,All
94.43548823,125.9899276,2.53,35,2,Fall,All
94.48631008,129.4117165,3.24,39,2,Fall,All
93.69272719,92.83697716,1.82,336,1,Fall,All
93.74330382,96.42514321,1.71,3,1,Fall,All
94.08982413,100.3206843,2.76,63,2,Fall,All
94.17061684,104.0634816,1.62,215,2,Fall,All
94.70722366,107.9985758,3.22,255,2,Fall,All
95.43861832,111.5543694,1.55,241,2,Fall,All
95.80257177,115.1743421,1.42,213,2,Fall,All
95.85384496,118.9364579,2.48,21,2,Fall,All
95.90513509,122.327594,1.19,210,2,Fall,All
95.90140274,125.5953544,1.21,330,2,Fall,All
95.50151379,128.589882,1.16,10,2,Fall,All
94.33864506,131.0881784,2.07,220,2,Fall,All
93.42926446,102.698729,1.06,353,1,Fall,All
92.61076136,94.50870927,0.65,242,1,Fall,All
91.7557495,58.9281581,1.38,230,1,Fall,All
91.08525747,31.66100997,1.45,51,1,Fall,All
91.13497325,33.72378091,1.25,157,1,Fall,All
90.81185943,35.34189437,4.08,50,1,Fall,All
90.10394271,26.46112891,1.3,30,1,Fall,All
90.07251636,27.97769475,1.51,226,1,Fall,All
90.12189778,29.6144087,1.25,193,1,Fall,All
90.55365534,31.87904008,2.21,71,1,Fall,All
90.64213202,33.80773756,2.23,264,1,Fall,All
90.6917015,32.38018267,3.13,237,1,Fall,All
90.96116449,34.3681293,1.94,67,1,Fall,All
91.55442849,36.69152562,2.02,222,1,Fall,All
91.60429916,38.785473,2.81,36,1,Fall,All
91.63717604,40.45812731,1.3,300,1,Fall,All
91.66673054,41.36317132,0.61,241,1,Fall,All
91.6751567,42.16726816,4.45,41,1,Fall,All
91.72506723,42.76989694,4.82,64,1,Fall,All
92.08758194,43.79354288,0,228,1,Fall,All
92.42811224,45.4648705,1.24,28,1,Fall,All
92.47827136,46.82926205,1.32,258,1,Fall,All
92.22959347,48.47287974,2.22,203,1,Fall,All
87.80592236,7.80475874,3.24,240,1,Spring,All
88.56781583,5.823416579,3.32,225,1,Spring,All
88.17347,2.797138671,3.78,33,1,Spring,All
89.08202795,3.339964445,5.5,69,1,Spring,All
90.97052396,5.851318953,1.68,54,1,Spring,All
91.44585866,8.474272151,2.83,44,1,Spring,All
91.49221429,7.559855929,3.54,239,1,Spring,All
92.03198563,9.733316304,4.67,235,1,Spring,All
92.20770779,11.93831007,1.53,280,1,Spring,All
94.14170192,14.57277311,2.91,253,1,Spring,All
96.44331886,17.81006935,6.41,242,1,Spring,All
96.4948036,21.21929826,2.81,31,1,Spring,All
94.23936766,11.3905187,2.68,256,1,Spring,All
92.72934132,11.984336,1.86,65,1,Spring,All
92.77959989,13.75082081,3.02,237,1,Spring,All
93.12943403,15.86007229,1.97,84,1,Spring,All
93.40888452,18.07442579,1.81,239,1,Spring,All
93.95373834,20.81884946,2.14,57,1,Spring,All
94.00440114,23.92822124,3.24,46,1,Spring,All
94.03317085,27.33449553,3.96,35,1,Spring,All
93.86084059,30.87347759,3.24,231,1,Spring,All
93.67084656,34.0794426,2.37,232,1,Spring,All
93.72141597,37.10855596,4,246,1,Spring,All
93.95946002,39.51904123,5.51,55,1,Spring,All
94.01012472,38.69085397,4.54,234,1,Spring,All
92.42781422,21.13837466,1.86,206,1,Spring,All
90.26285771,21.9853327,1.88,140,1,Spring,All
90.31230197,23.22200322,1.68,251,1,Spring,All
91.1913316,25.11679464,2.66,226,1,Spring,All
91.2410824,19.38977628,2.18,320,1,Spring,All
92.16048317,21.84675041,3.37,51,1,Spring,All
92.21055393,24.39518838,2.94,356,1,Spring,All
92.07230898,26.29643605,3.82,29,1,Spring,All
92.20176812,27.93655226,2.57,190,1,Spring,All
93.13175733,29.47143208,5.5,218,1,Spring,All
94.59088236,32.19724137,1.4,212,1,Spring,All
95.74414704,35.79400923,2.22,57,1,Spring,All
95.79540095,39.72972648,1.62,271,1,Spring,All
95.84667178,44.02506676,2.68,66,1,Spring,All
96.26043231,48.58194395,1.75,213,1,Spring,All
96.40858039,53.63646643,3.04,230,1,Spring,All
96.46005366,58.95574227,1.25,284,1,Summer,All
96.51154393,63.89320217,0.43,106,1,Summer,All
96.54904864,68.60306307,3.5,242,2,Summer,All
96.40018294,73.1203536,1.97,267,2,Summer,All
96.32257873,77.59224638,3.11,185,2,Summer,All
96.28545822,82.21193921,2.09,271,2,Summer,All
96.33689084,87.23499574,2.6,239,2,Summer,All
96.34900334,61.94995973,4.02,267,2,Summer,All
95.90985906,62.03756357,4.49,291,2,Summer,All
95.28813623,50.52165055,2.46,255,1,Summer,All
94.61351836,36.26699734,1.77,221,1,Summer,All
94.38807694,29.37459782,2.87,282,1,Summer,All
94.28044943,33.45271171,2.72,230,1,Summer,All
94.3312201,37.28464436,7.13,14,1,Summer,All
96.30894458,41.3012146,2.48,7,1,Summer,All
96.74171651,45.31574639,4.82,251,1,Summer,All
95.58484281,46.48665925,3.87,44,1,Summer,All
94.32729219,49.72631582,4,273,1,Summer,All
94.0829259,53.23300424,2.33,7,1,Summer,All
93.89506878,56.67019977,3.11,48,1,Summer,All
92.58056245,47.0301038,1.86,209,1,Summer,All
92.4440851,31.7484447,3,333,1,Summer,All
92.49424949,35.04272534,1.97,190,1,Summer,All
93.5248412,39.8627858,0.88,309,1,Summer,All
93.63590133,44.46078589,2.79,258,1,Summer,All
93.6864592,47.25477659,4.21,236,1,Summer,All
94.22103765,51.41658713,2.09,319,1,Summer,All
94.842944,55.85406373,3.17,232,1,Summer,All
95.57137926,60.35561034,2.22,242,1,Summer,All
95.90473142,64.91588479,3.87,234,2,Summer,All
95.95603834,69.4140278,1.97,243,2,Summer,All
96.02674757,73.84772149,0,243,1,Summer,All
96.07809478,78.23292647,1.99,337,2,Summer,All
96.12945895,82.30788784,1.77,294,2,Summer,All
96.57285777,86.22764125,0.63,279,2,Summer,All
97.2576633,90.38166025,2.01,246,2,Summer,All
97.30941689,94.7080327,2.33,241,2,Summer,All
97.36118758,98.9073295,4.34,260,3,Summer,All
97.41297535,103.1119493,4.58,243,3,Summer,All
97.43780315,107.2309012,1.62,224,3,Summer,All
97.44674267,111.3221133,5.76,233,3,Summer,All
97.34062338,115.1555542,3.74,271,3,Summer,All
97.13914697,118.7715178,0.41,262,2,Summer,All
97.03481731,122.364667,1.99,220,3,Summer,All
96.71979429,125.8190273,5.4,240,3,Summer,All
96.75061074,129.3177043,3.67,292,3,Summer,All
96.80219693,133.6073229,2.7,309,3,Summer,All
96.92533206,138.7627703,1.43,90,3,Summer,All
96.97697593,144.1640751,1.51,231,3,Summer,All
96.7443577,149.1712186,1.4,234,3,Summer,All
95.45773677,117.966823,1.64,249,2,Summer,All
92.7903227,76.39001524,0.95,67,1,Summer,All
91.95423361,48.24466098,1.42,252,1,Summer,All
92.01240707,47.83074674,1.23,230,1,Summer,All
92.10692448,52.47598957,1.51,237,1,Summer,All
92.68079652,57.27962417,0.56,256,1,Summer,All
93.38005308,62.15349233,2.25,51,1,Summer,All
94.97476894,67.72039515,2.22,233,1,Summer,All
95.58933813,73.50421229,1.42,244,1,Summer,All
95.33940537,78.61946575,1.32,265,1,Summer,All
95.39052565,83.80700949,1.58,248,2,Summer,All
95.44166281,88.94248035,1.68,227,2,Summer,All
95.49281685,94.08179485,1.07,256,2,Summer,All
95.54398779,99.40276931,1.4,281,2,Summer,All
95.83772755,104.739798,2.07,325,2,Summer,All
95.72220574,109.6362002,1.73,254,2,Summer,All
94.84475032,105.5173169,1.14,232,2,Summer,All
94.05110311,87.02494993,1.47,266,1,Summer,All
93.524003,74.14100784,1.43,334,1,Summer,All
93.03985214,54.8043501,1.75,272,1,Summer,All
92.62189414,37.3279477,2.35,247,1,Summer,All
92.34784633,28.51786192,2.06,218,1,Summer,All
92.32720101,21.62214416,2.55,238,1,Summer,All
92.33913875,17.31187057,2.4,295,1,Summer,All
91.77915603,14.23297952,1.43,234,1,Summer,All
91.35818209,12.44337454,2.76,266,1,Summer,All
91.3281722,10.97752735,0.75,38,1,Summer,All
91.37796817,12.38303568,2.52,226,1,Summer,All
91.42778059,17.95504863,1.81,302,1,Summer,All
91.47760944,15.56761767,1.27,34,1,Summer,All
91.52745475,13.34836912,1.25,280,1,Summer,All
91.57731652,12.15663622,3.04,276,1,Summer,All
91.44717212,10.79015303,1.79,241,1,Summer,All
91.39329655,9.639239025,1.96,260,1,Summer,All
91.40186505,9.222814264,1.43,338,1,Summer,All
90.96781987,8.439242784,1.02,207,1,Summer,All
90.68840232,7.855880529,0.32,128,1,Summer,All
90.41111762,7.243254272,1.88,267,1,Summer,All
90.43224345,6.803865932,2.72,292,1,Summer,All
90.48174363,8.819758011,1.87,170,1,Summer,All
90.53126015,10.64589441,2.83,265,1,Summer,All
90.65290581,11.80870993,1.19,257,1,Summer,All
90.84036393,12.37928992,2.07,340,1,Summer,All
90.93614353,15.49476431,1.81,202,1,Summer,All
90.98581008,18.11175251,1.17,321,1,Summer,All
91.16377952,16.93120529,3.13,217,1,Summer,All
91.38501385,15.28703387,0.2,188,1,Summer,All
91.43482859,15.19935663,1.27,18,1,Summer,All
91.48465978,15.71802075,1.96,257,1,Summer,All
91.54512285,15.43814463,1.82,226,1,Summer,All
91.59499045,18.49894381,0.76,58,1,Summer,All
91.64487451,15.24079012,1.38,175,1,Summer,All
91.69477504,12.82174753,0.69,219,1,Summer,All
91.55469301,12.2187646,1.32,60,1,Summer,All
91.32270917,10.99448374,1.99,233,1,Summer,All
90.41963467,8.139508668,0.99,40,1,Summer,All
90.22673779,6.897025174,0.55,269,1,Summer,All
90.13698225,5.803590878,2.77,39,1,Summer,All
90.18638495,5.682714567,1.51,228,1,Summer,All
90.23580396,6.024823601,1.17,279,1,Summer,All
90.28523929,6.70134831,1.75,72,1,Summer,All
90.33469094,6.608017369,1.43,114,1,Summer,All
90.38415891,7.160090851,3.3,336,1,Summer,All
90.63565938,8.637472657,1.38,22,1,Summer,All
91.1371745,11.46715755,1.88,189,1,Summer,All
91.18690741,11.97563997,0.91,58,1,Summer,All
91.23665675,11.83636321,2.61,21,1,Summer,All
91.28642251,12.91991838,2.61,326,1,Summer,All
91.3362047,16.18078383,1.6,325,1,Summer,All
91.38600332,14.82011589,1.68,34,1,Summer,All
91.43581839,17.74259675,1.19,12,1,Summer,All
91.4856499,20.6976254,1.6,252,1,Fall,All
92.27511424,23.68776028,1.94,190,1,Fall,All
92.80519134,26.68810827,0.51,205,1,Fall,All
92.85547495,29.61018308,2.03,259,1,Fall,All
92.90577517,32.42207022,2.55,307,1,Fall,All
93.11725905,35.30289801,0.84,225,1,Fall,All
93.16764569,38.15849797,1.86,223,1,Fall,All
93.21804897,40.80078902,1.92,30,1,Fall,All
92.78101308,40.09123714,5.31,251,1,Fall,All
91.82411956,26.52776095,1.02,180,1,Fall,All
91.33881296,23.15661773,0.58,325,1,Fall,All
91.38861245,25.80868459,1.92,205,1,Fall,All
91.43842838,28.43659475,4.28,290,1,Fall,All
91.48826075,30.91139565,1.53,16,1,Fall,All
91.91318535,33.56142696,2.31,193,1,Fall,All
93.0991293,36.15771216,1.4,349,1,Fall,All
94.09177809,38.3659126,2.31,358,1,Fall,All
94.14248647,40.62798353,2.46,254,1,Fall,All
94.19321159,42.84178093,1.85,65,1,Fall,All
93.7678962,44.88089424,1.04,227,1,Fall,All
93.44545557,46.77919545,2.16,60,1,Fall,All
93.49595057,48.80021282,1.81,48,1,Fall,All
93.29413657,46.88573152,2.25,247,1,Fall,All
92.23258868,48.47996,1.58,250,1,Fall,All
91.16674679,40.51333583,1.51,31,1,Fall,All
90.44214323,28.86254862,3.94,249,1,Fall,All
90.13013579,18.5052678,3.91,234,1,Fall,All
89.77540149,20.15572841,2.31,5,1,Fall,All
89.84224956,22.24168471,3.8,240,1,Fall,All
89.89155496,15.45402358,1.49,70,1,Fall,All
88.42532364,9.0049056,2.63,344,1,Fall,All
88.47416124,8.528197524,0.75,229,1,Fall,All
89.39933421,11.04031857,1.3,307,1,Fall,All
90.69247313,13.7629711,2.91,32,1,Fall,All
91.30869385,16.35646818,1.16,269,1,Fall,All
91.35848339,18.50048424,2.25,220,1,Fall,All
92.11473509,20.53236991,2.1,30,1,Fall,All
92.16479075,22.48280922,4.49,55,1,Fall,All
91.42444248,16.49408317,2.22,232,1,Fall,All
89.33081214,9.647170279,1.96,46,1,Fall,All
89.58315078,7.904868958,2.1,232,1,Fall,All
90.77870884,10.54865451,3.11,229,1,Fall,All
91.20425946,13.1811596,2.79,66,1,Fall,All
91.48552667,15.98067213,1.77,36,1,Fall,All
91.82156243,18.69197644,2.48,2,1,Fall,All
92.10623119,21.0417316,4.19,213,1,Fall,All
92.39956637,23.35175315,4.3,200,1,Fall,All
85.12953183,3.364322562,2.43,96,1,Spring,All
86.38018828,3.873113355,2.45,39,1,Spring,All
89.5171743,4.904926095,1.38,237,1,Spring,All
91.81882954,6.743542511,1.97,50,1,Spring,All
92.85661047,9.030000257,5.27,246,1,Spring,All
92.90691105,11.4392324,3.15,240,1,Spring,All
92.91287894,13.88108316,2.06,266,1,Spring,All
92.79000901,15.88651181,2.46,305,1,Spring,All
92.81022157,18.15839824,2.09,322,1,Spring,All
92.72150649,20.48671123,2.23,278,1,Spring,All
92.46834346,13.18829772,3.95,228,1,Spring,All
91.75607786,8.1710166,3.19,241,1,Spring,All
91.66985005,9.803391917,3,100,1,Spring,All
91.71975883,11.54859992,2.35,39,1,Spring,All
91.76968408,13.24889263,1.68,293,1,Spring,All
91.72282437,14.81653852,3.35,236,1,Spring,All
91.53418011,16.35313026,2.94,41,1,Spring,All
91.5840441,17.9753283,3.19,33,1,Spring,All
91.47217521,19.47150279,1.16,248,1,Spring,All
91.52201873,20.9182825,3.63,241,1,Spring,All
91.5718787,22.70634475,2.42,42,1,Spring,All
91.62175513,24.66695493,1.79,228,1,Spring,All
92.21775513,26.9858153,2.74,283,1,Spring,All
92.34481922,29.42778819,2.1,209,1,Spring,All
92.39495084,31.65844452,2.74,296,1,Spring,All
92.78199764,34.45676389,1.08,210,1,Spring,All
92.89339061,37.54885876,2.83,229,1,Spring,All
92.94370334,40.4483811,1.45,128,1,Spring,All
92.99403268,43.26836834,5.31,232,1,Spring,All
92.73949047,45.61605478,3.67,67,1,Spring,All
92.52303639,47.63472377,2.68,239,1,Spring,All
92.70988083,49.6829156,3.43,17,1,Spring,All
93.44972236,51.98537429,2.23,50,1,Spring,All
93.84815765,54.43705579,3.65,246,1,Spring,All
94.09742911,57.22015487,3.02,232,1,Spring,All
94.42352402,60.44292802,1.71,5,1,Spring,All
95.10933356,64.02054486,3.22,44,1,Spring,All
95.26401556,68.01612771,1.55,307,1,Spring,All
95.31511096,72.25201159,1.96,240,1,Spring,All
95.29250356,76.29266302,2.42,236,2,Spring,All
95.2999367,80.56452522,2.01,276,2,Spring,All
95.09087803,84.44296752,2.11,299,2,Summer,All
95.14191626,86.87108134,1.86,176,2,Summer,All
95.2432322,89.70960328,1.88,312,2,Summer,All
96.0197182,93.18348235,1.51,238,2,Summer,All
96.64409117,97.15551119,2.4,51,2,Summer,All
96.69564219,101.2137352,2.91,292,2,Summer,All
96.74721024,104.9440631,2.16,321,2,Summer,All
96.79879531,109.0885817,1.74,271,2,Summer,All
96.85039741,113.6511685,1.6,34,2,Summer,All
96.7962345,117.7582857,1.79,345,2,Summer,All
95.78317005,121.3058202,4.92,209,3,Summer,All
95.05071344,124.552792,5.04,8,2,Summer,All
95.61571531,128.0555058,1.02,280,2,Summer,All
96.20544918,132.1737619,3.09,239,3,Summer,All
96.53374681,136.659238,2.27,240,3,Summer,All
96.91884242,141.7500289,2.81,292,3,Summer,All
96.97048415,147.1375699,1.73,269,3,Summer,All
96.9371695,152.2047599,1.02,198,3,Summer,All
96.95526737,157.4150758,3.56,230,3,Summer,All
97.00692113,162.51799,4.97,230,4,Summer,All
96.65498403,167.0476021,2.12,221,3,Summer,All
95.7704347,170.8990615,2.46,221,3,Summer,All
95.01292886,174.3727988,2.94,222,2,Summer,All
95.06394136,178.3925888,2.19,232,2,Summer,All
95.1149707,182.8570675,4.19,224,3,Summer,All
95.16601688,187.4629819,4.77,253,3,Summer,All
95.21707992,192.0791094,3.04,265,3,Summer,All
95.26815982,196.5252616,2.37,273,3,Summer,All
95.28537064,200.8227938,2.76,359,3,Summer,All
95.00450494,205.0345634,2.63,51,3,Summer,All
95.05551466,209.5733458,5.53,196,3,Summer,All
95.25727393,214.5635617,1.28,228,2,Summer,All
96.04475863,220.0215799,4.38,307,3,Summer,All
96.1305924,225.5323899,3.26,245,3,Summer,All
96.31162283,231.1865533,3.15,359,3,Summer,All
96.79040073,237.006912,1.64,240,3,Summer,All
97.34124889,243.0705686,2.15,233,4,Summer,All
97.49772067,249.1936093,2.8,211,4,Summer,All
97.68629633,255.4435563,1.58,232,4,Summer,All
97.73819144,261.7381915,2.81,218,4,Summer,All
97.79010368,143.9254961,1.79,224,3,Summer,All
97.76031745,126.2026879,1.45,84,3,Summer,All
96.95454137,97.81296251,3.95,338,2,Summer,All
96.1242436,92.7111935,3.17,252,2,Summer,All
95.13776589,87.48271858,2.59,84,2,Summer,All
94.69561678,92.20487569,2.1,209,2,Summer,All
94.41336698,96.79399583,2.72,274,2,Summer,All
94.13973279,97.39688881,0.95,214,1,Summer,All
94.13829697,101.7963274,4.81,226,2,Summer,All
93.83074524,87.30313688,2.01,36,1,Summer,All
93.52080352,82.45365463,0.84,252,1,Summer,All
93.57132339,87.03788601,2.7,250,1,Summer,All
93.62185994,91.73403774,2.44,355,1,Summer,All
93.67241318,96.27080624,1.14,220,1,Summer,All
93.56754621,100.3963031,1.86,19,1,Summer,All
93.32668344,77.83933608,0.78,216,1,Summer,All
92.75475168,46.46330577,3.33,212,1,Summer,All
91.89176295,31.01620612,1.04,190,1,Summer,All
91.61817985,29.13645468,1.27,299,1,Summer,All
91.66807157,25.05573951,2.74,213,1,Summer,All
91.71797976,23.16389782,0.93,250,1,Summer,All
91.81276679,24.80033507,2.46,271,1,Summer,All
92.80997515,31.70439681,2.09,144,1,Summer,All
93.69857469,38.83379268,1.49,68,1,Summer,All
94.42655948,46.18787668,1.45,310,1,Summer,All
94.47737839,53.35910542,4.15,229,1,Summer,All
94.65784288,51.31298251,1.32,234,1,Summer,All
94.70873815,58.46706474,1.36,222,1,Summer,All
94.75965021,65.51772797,1.51,220,1,Summer,All
94.81057909,69.54891537,1.68,343,1,Summer,All
94.80889498,71.4676383,4.49,227,2,Summer,All
94.43585182,77.39241729,1.12,337,1,Summer,All
94.0180112,54.4333965,2.37,268,1,Summer,All
93.85719412,51.90059601,1.71,302,1,Summer,All
93.18073352,41.91106775,3,222,1,Summer,All
92.41018663,28.69803349,2.06,217,1,Summer,All
92.00415202,22.54911949,3.87,206,1,Summer,All
92.05417116,21.45823689,1.71,167,1,Summer,All
92.10420683,19.65477605,2.14,51,1,Summer,All
92.15425901,18.36112166,1.99,35,1,Summer,All
92.32999184,16.72364992,1.02,247,1,Summer,All
92.65656425,17.13758649,2.48,65,1,Summer,All
92.97939399,18.91780577,1.75,239,1,Summer,All
93.03982646,26.01490161,2.96,79,1,Summer,All
93.19346917,32.87312159,1.56,336,1,Summer,All
93.24388098,38.95857921,1.64,274,1,Summer,All
93.15934194,38.49936114,1.4,226,1,Summer,All
92.42121258,30.2792479,3.17,288,1,Summer,All
91.92675878,21.39152559,6.76,199,1,Summer,All
91.97675238,17.11364758,1.43,315,1,Summer,All
92.02676248,18.33753711,1.43,243,1,Summer,All
92.07678909,24.05199696,1.79,47,1,Summer,All
92.12683222,29.79116034,3.34,243,1,Summer,All
92.17689187,35.62165535,2.63,225,1,Summer,All
92.45444315,41.45331362,0.93,214,1,Summer,All
92.75266196,47.22553803,1.88,250,1,Summer,All
93.26798213,53.01924334,1.36,207,1,Summer,All
93.84234801,58.89479138,2.31,277,1,Summer,All
94.11118709,64.7121094,1.21,343,1,Summer,All
94.16190187,70.21008869,1.6,251,1,Summer,All
94.2126334,75.33664675,3.22,226,1,Summer,All
94.26338168,80.41213853,0.91,226,1,Summer,All
94.31414672,85.56740051,1.34,195,1,Summer,All
94.51191194,90.78336027,2.12,235,2,Summer,All
94.72277617,96.09152977,1.75,57,2,Summer,All
94.77369288,100.9059626,2.14,319,2,Summer,All
94.24930959,84.40758484,2.37,235,1,Summer,All
93.36465003,57.08125131,2.17,205,1,Summer,All
93.41511835,61.34736372,1.99,46,1,Summer,All
93.46560333,65.85049674,2.01,242,1,Summer,All
93.51610497,70.34356858,1.97,61,1,Summer,All
93.56662329,69.34830147,0.89,221,1,Summer,All
93.18764726,65.30699062,1.43,35,1,Summer,All
91.13097073,44.54016231,1.53,196,1,Summer,All
90.68249196,26.49115318,1.79,265,1,Summer,All
90.36632937,19.63085577,1.75,71,1,Summer,All
90.41580779,22.68181242,1.84,223,1,Summer,All
90.46530254,25.62471383,2.46,197,1,Summer,All
90.51481364,28.90803944,1.6,228,1,Summer,All
92.11448319,32.97262222,2.23,354,1,Summer,All
93.65233563,37.52706966,0.61,132,1,Summer,All
94.5557701,42.56279232,1.6,233,1,Fall,All
94.60663167,47.50749669,1.73,232,1,Fall,All
94.65751003,52.42377745,1.42,10,1,Fall,All
94.70840518,57.11966673,1.47,149,1,Fall,All
94.68656677,61.54884021,1.17,54,1,Fall,All
94.18836122,65.48927973,2.37,53,1,Fall,All
92.96842783,56.27364999,1.12,64,1,Fall,All
92.22143563,51.6413869,2.4,225,1,Fall,All
91.83591925,50.81841343,2.03,60,1,Fall,All
91.196819,51.09747308,1.4,325,1,Fall,All
90.58327339,53.65832211,2.55,229,1,Fall,All
90.63282343,56.76186809,1.3,218,1,Fall,All
91.15891087,60.01939958,1.51,308,1,Fall,All
91.20865096,59.99655173,1.66,231,1,Fall,All
90.96029135,38.34540581,1.55,243,1,Fall,All
90.60873562,40.9952235,2.03,228,1,Fall,All
90.65829407,43.38067475,4.49,18,1,Fall,All
90.33335042,31.09188009,1.55,241,1,Fall,All
89.08279374,15.78317013,1.62,315,1,Fall,All
87.93300991,8.321328246,1.68,5,1,Fall,All
87.98168497,4.671007581,1.75,186,1,Fall,All
89.02014956,6.346119809,1.43,41,1,Fall,All
90.93585868,8.543174887,0.86,285,1,Fall,All
92.35207806,11.00561815,2.03,40,1,Fall,All
93.37738206,13.7348379,1.27,61,1,Fall,All
93.58245459,16.89530074,2.16,266,1,Fall,All
93.32572164,12.67981499,2.25,218,1,Fall,All
91.34403421,7.69401042,4.04,122,1,Fall,All
90.10738794,4.700169194,3.39,223,1,Fall,All
89.68261624,6.983553931,2.37,61,1,Fall,All
89.73186894,7.287868222,1.56,58,1,Fall,All
89.78113789,9.749343851,2.48,77,1,Fall,All
89.83042311,12.20132566,2.61,53,1,Fall,All
90.47046062,14.9404674,0.86,154,1,Fall,All
90.65127318,17.68265357,1.6,49,1,Fall,All
90.70084568,20.15910331,1.7,271,1,Fall,All
90.75043454,22.47368814,3.32,51,1,Fall,All
90.80003977,24.80269363,1.19,253,1,Fall,All
90.84966138,27.0997569,0.61,213,1,Fall,All
91.23473689,29.45877107,4.77,260,1,Fall,All
91.65428372,31.89156762,1.4,46,1,Fall,All
91.70418736,33.90870789,0.86,43,1,Fall,All
91.6350806,35.68410682,4.81,352,1,Fall,All
91.6849779,37.84342614,2.7,242,1,Fall,All
91.73489167,39.74145498,0.58,71,1,Fall,All
93.12314223,41.87133923,3.46,67,1,Fall,All
93.17353081,43.84065655,1.62,228,1,Fall,All
87.9956924,7.349730142,3.45,229,1,Spring,All
89.0665949,8.334881576,2.6,220,1,Spring,All
89.32974918,9.07707385,1.9,244,1,Spring,All
89.37888538,9.614578652,1.75,156,1,Spring,All
90.63609229,10.78288491,2.92,188,1,Spring,All
91.74624423,12.32558539,1.75,241,1,Spring,All
92.47067705,14.28999832,2.85,37,1,Spring,All
92.52085022,16.08129447,3.46,315,1,Spring,All
92.57103996,18.11944732,3.37,221,1,Spring,All
93.11837698,20.72668353,2.22,33,1,Spring,All
93.60779902,23.7453989,1.84,185,1,Spring,All
94.55156702,27.15041943,2.05,64,1,Spring,All
94.69972707,30.62273508,3.19,335,1,Spring,All
94.75063616,33.97834592,1.81,55,1,Spring,All
94.01851659,35.97283415,1.97,13,1,Spring,All
93.3781429,37.51363847,1.02,226,1,Spring,All
93.27224321,39.19815511,2.89,221,1,Spring,All
93.32268102,41.06232791,3.39,212,1,Spring,All
94.14866024,43.51014345,3.13,233,1,Spring,All
95.47527101,46.80850454,2.18,219,1,Spring,All
96.13423968,50.3590882,4.96,72,1,Spring,All
96.00847491,53.96525705,4.54,356,1,Spring,All
95.59187681,57.42290737,5.55,4,2,Spring,All
95.46598016,60.91351755,2.57,254,1,Spring,All
94.01080278,31.95458333,2.12,59,1,Spring,All
90.69202191,25.58426266,1.81,266,1,Spring,All
90.74160785,19.08378916,5.01,263,1,Spring,All
91.11554859,20.2616516,3.22,73,1,Spring,All
93.40072077,22.13840628,2.92,245,1,Spring,All
94.57060982,24.73400704,3.95,228,1,Spring,All
94.62147628,27.46350043,5.98,233,1,Spring,All
94.67235954,29.98777953,2.14,267,1,Spring,All
94.1156836,32.15567682,2.65,267,1,Spring,All
93.14284238,33.90511204,4.49,221,1,Spring,All
90.88196741,35.30573502,1.47,239,1,Spring,All
88.16146741,36.35348944,2.18,257,1,Spring,All
88.21021789,36.10788503,3.04,223,1,Spring,All
88.25898447,37.37059537,2.31,239,1,Spring,All
89.19444443,39.24499705,1.84,278,1,Spring,All
90.83263107,41.55441719,0.91,252,1,Spring,All
91.61150051,43.85238616,2.89,231,1,Spring,All
91.66139002,42.78452172,5.12,217,1,Summer,All
91.7877503,44.33504357,4.66,243,1,Summer,All
93.32132762,46.46397018,2.37,241,1,Summer,All
94.46079029,48.81510937,2.48,236,1,Summer,All
94.5116205,51.62297606,4.66,356,1,Summer,All
94.55507804,54.4550159,2.65,271,1,Summer,All
94.5447537,57.26598183,1.97,232,1,Summer,All
94.40719491,59.99434662,2.63,226,1,Summer,All
93.85690594,62.39396798,3.74,355,1,Summer,All
93.20921746,62.6689043,1.08,37,1,Summer,All
93.25405909,65.0528148,2.72,275,1,Summer,All
93.3044909,67.6338416,1.81,225,1,Summer,All
93.64231275,70.79173395,2.83,313,1,Summer,All
94.17002308,74.9088827,2.85,229,1,Summer,All
94.64750153,79.14943806,2.28,214,1,Summer,All
94.90043052,83.68005928,6.39,146,2,Summer,All
94.971939,88.42445788,1.99,198,2,Summer,All
95.02293796,93.1946886,1.97,261,2,Summer,All
95.07395376,97.76910859,1.42,356,2,Summer,All
95.12498641,102.4250517,1.81,271,2,Summer,All
95.1760359,106.6099803,5.05,266,2,Summer,All
95.07715419,110.7301756,1.01,231,2,Summer,All
94.97074913,114.9486164,3.48,258,2,Summer,All
95.0217477,119.1114864,3.96,241,2,Summer,All
94.85930636,122.7614205,2.16,216,2,Summer,All
94.8298829,126.2750716,4.84,36,2,Summer,All
94.7956908,129.8128674,2.38,317,2,Summer,All
94.84663157,133.3439131,2.23,241,2,Summer,All
94.89758917,137.1311912,3.49,47,2,Summer,All
95.02751415,141.2026352,1.92,285,2,Summer,All
95.7089832,145.7435607,2.29,268,2,Summer,All
95.91037943,150.6245782,3.04,327,3,Summer,All
95.96168822,155.682661,1.32,232,2,Summer,All
94.99249597,159.1870057,3.11,247,2,Summer,All
94.4193951,162.4093311,2.63,243,2,Summer,All
93.93484936,165.7352945,1.16,262,2,Summer,All
93.71004103,169.129455,2.4,184,2,Summer,All
93.76062338,172.881084,5.36,270,2,Summer,All
93.81122242,177.0886564,3.02,223,2,Summer,All
94.50112388,181.9735042,1.82,236,2,Summer,All
95.44686584,187.396755,1.7,209,2,Summer,All
95.4980216,192.8404276,1.66,288,3,Summer,All
95.78132473,198.507739,1.55,201,3,Summer,All
95.83259091,204.111301,2.2,332,3,Summer,All
95.66357161,208.9387974,4,200,3,Summer,All
95.55731429,213.177249,3.02,262,3,Summer,All
95.45095452,217.3479001,3.74,239,3,Summer,All
95.39042182,221.4604182,1.55,174,3,Summer,All
95.44155894,225.8449171,1.21,229,3,Summer,All
95.91121102,230.4450502,1.69,47,3,Summer,All
95.96252008,235.1761738,1.04,211,3,Summer,All
96.01384609,239.9086739,0.19,172,3,Summer,All
96.06518904,244.4852728,2.57,170,3,Summer,All
95.87579792,248.6920931,1.7,271,3,Summer,All
95.19357823,252.5308737,2.01,221,3,Summer,All
94.85748398,256.4636637,4.86,299,3,Summer,All
94.8595481,260.6147132,1.68,219,2,Summer,All
94.74617062,264.7867277,2.57,243,2,Summer,All
94.69593388,268.9057831,0.76,336,2,Summer,All
94.26490067,272.7987624,1.62,217,2,Summer,All
94.2607296,276.9708966,1.45,198,2,Summer,All
94.31149376,196.0100256,1.42,211,2,Summer,All
94.36227468,200.044626,2.16,228,2,Summer,All
94.58634816,204.1191945,3.91,319,3,Summer,All
94.63721982,208.1041435,1.79,265,2,Summer,All
94.32167365,211.7283896,3.94,273,2,Summer,All
93.99023689,215.1981746,2.12,237,2,Summer,All
94.01427939,218.7500565,1.45,234,2,Summer,All
94.06496218,222.3786295,1.87,48,2,Summer,All
94.1156617,226.0310229,1.3,36,2,Summer,All
94.16637797,229.8052592,1.08,218,2,Summer,All
94.21711097,233.7312139,1.3,276,2,Summer,All
94.52973002,237.8692072,3.3,262,2,Summer,All
95.22766342,242.2502821,1.32,35,2,Summer,All
95.27874681,246.3181204,2.55,266,3,Summer,All
95.0459693,195.283627,1.38,51,2,Summer,All
94.34430445,141.0430749,0.89,232,2,Summer,All
93.21458397,92.0014062,1.53,246,1,Summer,All
92.8171147,64.56605474,1.34,268,1,Summer,All
92.86740225,69.86373958,1.19,103,1,Summer,All
93.73100646,75.60521318,1.27,248,1,Summer,All
94.05068032,76.81030166,2.18,239,1,Summer,All
94.10137513,76.83620434,1.97,315,1,Summer,All
93.40069094,81.86763402,6.66,250,2,Summer,All
92.9335034,70.49901213,1.12,249,1,Summer,All
92.78388385,75.34727989,2.68,232,1,Summer,All
92.83416042,80.51986629,1.58,261,1,Summer,All
92.8844536,85.99252869,1.14,46,1,Summer,All
92.93477457,91.52042543,1.73,229,1,Summer,All
93.01016762,96.91746923,0.91,33,1,Summer,All
93.0605189,65.75909554,0.54,247,1,Summer,All
91.18930784,30.68147674,1.06,237,1,Summer,All
89.69566004,16.3795324,1.19,242,1,Summer,All
89.74491704,11.66116722,1.19,272,1,Summer,All
89.94783568,12.45589064,2.37,238,1,Summer,All
90.16455688,12.29204512,1.32,234,1,Summer,All
90.23093952,11.17220868,2.11,243,1,Summer,All
90.28037325,16.01388205,0.53,190,1,Summer,All
90.32982329,16.14715935,1.6,321,1,Summer,All
90.37928966,19.59422154,1.84,46,1,Summer,All
90.94306643,24.59974502,2.72,250,1,Summer,All
91.59133763,29.87097705,1.94,204,1,Summer,All
91.9332316,35.12654003,5.61,41,1,Summer,All
91.98322733,40.2036784,1.45,304,1,Summer,All
93.14024217,45.93050103,1.62,224,1,Summer,All
93.59367483,51.63755303,4.62,4,1,Summer,All
93.64421876,56.98983273,1.28,6,1,Summer,All
93.69477938,61.38088903,1.43,312,1,Summer,All
93.74535669,65.8128029,1.43,19,1,Summer,All
94.12789175,70.44499094,1.04,216,1,Summer,All
94.17861205,74.74022381,2.57,332,1,Summer,All
93.99148578,78.51925861,3,228,1,Summer,All
93.31471944,64.25848838,0.73,81,1,Summer,All
93.05826826,67.86518975,0.5,17,1,Summer,All
92.79595027,71.35745592,2.35,217,1,Summer,All
92.71163811,72.21597008,2.96,250,1,Summer,All
92.76189084,75.51698926,1.47,327,1,Summer,All
92.81216016,78.8578102,2.5,210,1,Summer,All
92.86244607,82.19477043,2.03,304,1,Summer,All
92.91274858,85.53754946,1.3,302,1,Summer,All
92.9630677,88.83155473,1.25,199,1,Summer,All
93.07096372,92.11787872,1.06,191,1,Fall,All
94.26164061,95.77921302,2.12,52,2,Fall,All
94.41515647,99.52967544,1.53,42,2,Fall,All
94.46597161,102.8388845,2.23,240,2,Fall,All
94.50798782,105.7867197,1.28,222,2,Fall,All
94.37273892,108.4799531,1.16,50,2,Fall,All
94.40466196,111.2409295,3.78,48,2,Fall,All
94.45547364,114.1836561,2.53,217,2,Fall,All
94.60685802,117.4545091,2.35,28,2,Fall,All
94.90279182,120.8987254,2.38,279,2,Fall,All
94.75256454,95.01615267,1.06,205,2,Fall,All
92.85448616,45.68028388,1.4,138,1,Fall,All
91.76394016,30.61548208,0.88,203,1,Fall,All
90.82286215,33.20296442,1.42,212,1,Fall,All
90.35914923,28.34505642,2.22,24,1,Fall,All
89.8689305,20.44838068,3.02,312,1,Fall,All
89.19994086,12.39312004,1.58,231,1,Fall,All
88.85820186,8.111585293,1.4,62,1,Fall,All
88.90718237,6.191491959,2.63,38,1,Fall,All
89.18706088,8.935787132,2.76,241,1,Fall,All
89.23614997,11.45105912,1.7,262,1,Fall,All
89.64654584,13.81207919,1.01,234,1,Fall,All
89.69578662,15.63741282,2.31,40,1,Fall,All
89.53943069,12.36552404,1.27,48,1,Fall,All
90.54286327,10.11323155,2.25,49,1,Fall,All
90.93673571,13.02673916,1.17,255,1,Fall,All
90.98640245,16.06947601,0.72,266,1,Fall,All
91.61786862,19.4427125,1.25,6,1,Fall,All
92.81124999,23.03667022,0.55,56,1,Fall,All
93.00502004,26.66887334,1.14,263,1,Fall,All
93.19883639,30.17708247,2.33,212,1,Fall,All
93.24924997,33.42227306,2.57,213,1,Fall,All
93.29968018,36.45654219,2.1,202,1,Fall,All
93.35012705,39.47867876,2.2,231,1,Fall,All
93.40059057,42.35774756,1.25,356,1,Fall,All
93.184358,44.94856299,6.61,71,1,Fall,All
92.53170017,47.11026252,1.49,41,1,Fall,All
91.46767155,37.40835682,2.28,245,1,Fall,All
91.15998238,39.41071643,1.42,59,1,Fall,All
91.20972282,28.12019752,1.3,34,1,Fall,All
91.12530008,18.30399757,1.45,28,1,Fall,All
90.54163804,14.91646829,3.08,23,1,Fall,All
90.66793145,15.93148379,0,28,1,Fall,All
92.11656149,17.57650593,2.48,247,1,Fall,All
92.72396277,19.90568336,3.48,244,1,Fall,All
92.65850878,21.65039914,1.75,84,1,Fall,All
91.38993743,23.09249039,2.35,35,1,Fall,All
85.04770672,2.723512667,2.12,256,1,Spring,All
86.3085265,3.747185681,2.48,214,1,Spring,All
87.83100639,5.325189191,1.51,209,1,Spring,All
89.20586116,7.374975301,1.6,242,1,Spring,All
89.76970071,9.376890318,0.82,237,1,Spring,All
89.81898215,8.307149801,2.59,12,1,Spring,All
89.86827987,10.17997899,2.53,48,1,Spring,All
90.36683128,12.56748327,1.82,231,1,Spring,All
90.89155891,15.1180237,4.92,228,1,Spring,All
91.07382188,17.75202201,1.87,233,1,Spring,All
91.12353388,20.25251333,1.3,162,1,Spring,All
91.15407806,22.0028738,1.81,262,1,Spring,All
91.20381656,15.76819437,9.54,193,1,Spring,All
91.25357148,18.16486206,2.92,252,1,Spring,All
91.30334282,12.43620744,1.96,50,1,Spring,All
89.30989033,6.728276469,1.97,226,1,Spring,All
89.12444631,2.876319989,2.63,238,1,Spring,All
89.17351473,2.188737364,4.3,66,1,Spring,All
89.22259934,2.204442457,1.96,224,1,Spring,All
89.27170015,2.296557462,2.66,67,1,Spring,All
89.32081718,3.201812815,2.92,233,1,Spring,All
89.36995043,4.956664668,1.21,290,1,Spring,All
89.41909989,6.094393215,5.19,227,1,Spring,All
89.64118992,7.398348479,3.83,230,1,Spring,All
90.45261694,9.248514731,1.21,50,1,Spring,All
91.65972256,11.43426821,1.97,313,1,Spring,All
94.37473598,14.1705572,2.68,304,1,Spring,All
94.94165557,17.07233357,1.42,212,1,Spring,All
94.10678148,19.29093074,4.63,229,1,Spring,All
92.29425238,12.3844686,3.6,15,1,Spring,All
92.3443673,14.80499725,1.45,42,1,Spring,All
92.53205679,17.88367809,3.48,309,1,Spring,All
92.58225023,20.9824554,2.18,162,1,Spring,All
92.63246023,23.91453192,3.06,245,1,Spring,All
92.68268682,26.64713018,5.1,284,1,Spring,All
91.90901906,28.42883265,1.88,227,1,Spring,All
91.56840448,30.62544669,3.48,216,1,Spring,All
91.61827977,33.44389684,2.96,226,1,Spring,All
92.63628538,36.98463079,2.14,200,1,Spring,All
93.36002651,41.05853674,3.19,226,1,Spring,All
93.39215467,36.17526989,1.84,239,1,Spring,All
92.70236561,26.78681375,1.86,248,1,Summer,All
92.75261528,29.25452121,2.09,18,1,Summer,All
94.42008562,31.99729791,1.86,218,1,Summer,All
94.87581127,35.44396778,4.23,222,1,Summer,All
94.75909749,39.16611744,1.75,23,1,Summer,All
94.31503794,41.81436632,3.52,68,1,Summer,All
94.22991974,45.25259884,2.22,208,1,Summer,All
93.94009898,48.31853581,2.83,270,1,Summer,All
93.55808403,50.99461957,2.68,243,1,Summer,All
93.24229801,53.24975113,1.62,232,1,Summer,All
93.15467391,55.62769519,1.77,358,1,Summer,All
93.2050729,58.61782165,2.1,211,1,Summer,All
93.25548853,61.84914867,4.77,227,1,Summer,All
94.19879579,65.51969625,2.25,359,1,Summer,All
94.66532415,69.38381465,3.5,251,1,Summer,All
94.71622189,72.69124836,4.02,41,1,Summer,All
94.76713643,76.05064093,2.68,226,1,Summer,All
95.04610545,80.27421688,0.48,238,1,Summer,All
95.59401336,84.51817245,3.71,284,2,Summer,All
96.63547518,88.85980217,1.99,205,2,Summer,All
97.25371371,93.85793078,5.36,277,3,Summer,All
97.41691983,99.1064869,3.84,236,3,Summer,All
97.468726,104.188122,1.75,237,2,Summer,All
97.46217096,109.0863691,1.3,219,3,Summer,All
97.3851357,113.7975674,1.72,143,3,Summer,All
97.37553561,118.4312245,2.54,250,3,Summer,All
97.42581701,123.1318817,1.77,221,3,Summer,All
97.47762612,128.1882887,1.43,188,3,Summer,All
97.52058984,133.1056571,2.63,39,3,Summer,All
97.57243025,138.1016619,5.76,216,4,Summer,All
97.47730845,143.2314885,5.25,347,4,Summer,All
97.39402721,148.2264781,3.73,273,4,Summer,All
96.70274411,93.09750758,1.51,238,2,Summer,All
95.89117645,96.63595993,2.65,194,2,Summer,All
95.99521501,100.6970561,1.58,247,2,Summer,All
96.39998902,104.9048574,2.46,229,2,Summer,All
96.45906124,109.3675776,4.19,210,3,Summer,All
96.51055117,113.7196549,2.18,242,2,Summer,All
96.50324065,117.9085669,0,268,2,Summer,All
96.50772701,122.6736781,2.12,3,2,Summer,All
96.35337841,127.3852849,2.85,258,3,Summer,All
96.08977984,131.9829672,1.4,174,2,Summer,All
95.79745134,136.5437289,3.06,184,2,Summer,All
95.29630012,140.8192248,1.71,209,2,Summer,All
95.08030521,145.2165953,3.63,243,2,Summer,All
94.5043034,149.0206883,1.92,134,2,Summer,All
94.52280477,152.7092473,1.92,225,2,Summer,All
94.47984464,156.4542569,4.02,260,2,Summer,All
94.07374195,160.088048,1.49,155,2,Summer,All
93.53464986,108.932663,1.02,34,1,Summer,All
91.60737834,72.29088058,1.62,227,1,Summer,All
91.45916827,52.15563057,1.06,235,1,Summer,All
91.63163015,52.35792919,1.86,204,1,Summer,All
92.28714754,57.33989303,1.77,257,1,Summer,All
93.59635594,62.91206003,2.14,351,1,Summer,All
94.02283944,68.61153106,1.12,186,1,Summer,All
94.07352506,74.01543296,1.99,12,1,Summer,All
94.61843807,79.59111779,2.2,296,1,Summer,All
96.18321695,85.53898678,1.51,122,2,Summer,All
97.09343427,91.44386952,1.81,270,2,Summer,All
97.09881318,96.96339994,1.73,290,2,Summer,All
97.002547,102.4079785,2.31,221,2,Summer,All
96.77048415,103.1027176,1.68,280,2,Summer,All
96.29879771,108.2203344,0.47,209,2,Summer,All
95.90593968,113.1944233,1.66,243,2,Summer,All
95.91674742,118.1568151,1.28,195,2,Summer,All
95.81049973,122.963719,1.49,228,2,Summer,All
95.551295,127.5573367,1.53,356,2,Summer,All
95.57050944,132.1300669,0.8,226,2,Summer,All
95.62170602,136.831618,1.92,283,2,Summer,All
95.6729195,141.7571099,1.47,26,2,Summer,All
96.13891187,146.9354591,1.88,240,3,Summer,All
96.3077291,152.1806358,3.3,290,3,Summer,All
96.35869625,157.2836113,2.4,50,3,Summer,All
96.41015305,162.4033348,1.45,208,3,Summer,All
96.01138514,158.7601901,1.96,239,3,Summer,All
95.52018556,163.5755628,1.36,317,2,Summer,All
95.36430357,144.4565557,1.23,290,2,Summer,All
94.95216827,108.6163153,1.21,46,2,Summer,All
94.14802236,84.54347539,3.61,240,1,Summer,All
93.33471605,58.40265638,3.45,241,1,Summer,All
92.7484065,39.69979499,3.22,216,1,Summer,All
92.92716641,35.38996733,1.51,272,1,Summer,All
93.79494509,33.13536242,0.67,259,1,Summer,All
93.84555547,39.80180104,2.85,228,1,Summer,All
93.89618256,41.90248782,1.44,212,1,Summer,All
93.94682636,47.80531132,1.71,55,1,Summer,All
93.99748689,48.83677166,1.6,189,1,Summer,All
93.88206528,48.63922448,0.61,234,1,Summer,All
93.7249915,36.45181235,2.9,235,1,Summer,All
93.77557878,33.94663015,0.6,32,1,Summer,All
93.82618277,37.60290589,2.1,157,1,Summer,All
93.87680346,43.85205925,1.16,211,1,Summer,All
93.92744086,50.14540087,1.47,259,1,Summer,All
93.97809499,56.59172894,1.99,227,1,Summer,All
94.36030704,63.10879374,1.88,236,1,Summer,All
94.41110407,69.41691752,2.79,287,1,Summer,All
94.46191788,75.43492249,3.65,1,1,Summer,All
94.51274846,81.29281389,0.91,231,1,Summer,All
94.56359582,86.86555467,2.18,222,1,Summer,All
94.61445997,92.15406302,1.88,42,2,Summer,All
94.66534091,97.2160363,4,259,2,Summer,All
94.67546293,102.1438981,1.66,355,2,Summer,All
94.72636401,107.1397475,1.62,304,2,Summer,All
95.1069901,112.3799671,1.34,233,2,Summer,All
96.44757885,118.2956721,1.88,7,2,Summer,All
96.85717019,124.1969248,3.15,36,3,Summer,All
96.96127265,129.9675947,1.42,253,3,Summer,All
97.0129284,134.7992401,0.89,196,3,Summer,All
96.79110844,139.0900361,2.14,342,3,Summer,All
96.13347849,142.9785006,1.12,295,2,Summer,All
95.85159889,146.9318788,2.76,241,3,Summer,All
95.90288828,151.0418195,2.09,39,3,Summer,All
95.9541946,155.2810626,3.11,308,3,Summer,All
96.00551785,159.4351195,1.38,298,3,Summer,All
95.73861796,163.2261824,1.56,70,2,Summer,All
95.34416262,146.8878554,1.53,219,2,Summer,All
93.87823323,149.8237819,2.01,258,2,Summer,All
92.95275694,152.6181871,1.36,250,2,Summer,All
92.10649897,155.1630274,1.53,60,1,Summer,All
92.15655191,158.0136432,2.83,270,2,Summer,All
91.97910149,142.3948479,2.09,252,1,Fall,All
92.02911237,145.113217,2.4,68,1,Fall,All
92.07913975,147.9947068,1.75,320,1,Fall,All
92.12918366,150.8015389,2.03,256,1,Fall,All
92.29898467,128.7104543,1.17,18,1,Fall,All
92.34910116,131.7708932,2.14,246,1,Fall,All
91.71746938,117.2171157,3.43,39,1,Fall,All
91.36662602,113.1380434,2.07,353,1,Fall,All
90.82383659,115.0958419,1.27,60,1,Fall,All
89.14645862,56.94843071,0.97,229,1,Fall,All
89.1955343,59.88184462,0.8,190,1,Fall,All
90.32593841,62.95819666,2.01,224,1,Fall,All
91.37082225,66.54088684,3.21,262,1,Fall,All
91.48108094,70.16564703,0.35,122,1,Fall,All
91.82497109,73.7925623,2.23,248,1,Fall,All
92.07971166,77.66651358,0.32,253,1,Fall,All
92.92691309,81.85630269,1.92,248,1,Fall,All
93.41151742,85.25502227,0.69,51,1,Fall,All
93.46200121,88.31670902,0.54,239,1,Fall,All
92.37536122,45.54878412,1.58,189,1,Fall,All
89.86764907,23.38356304,1.43,300,1,Fall,All
89.56956947,16.37536339,1.84,186,1,Fall,All
89.61878484,10.99767776,1.49,310,1,Fall,All
89.66801646,11.02278026,2.22,232,1,Fall,All
89.22495676,6.823189286,2.59,246,1,Fall,All
89.27405836,4.975877819,1.14,160,1,Fall,All
89.8377923,7.57873032,0.47,207,1,Fall,All
90.3426782,10.08883768,2.52,7,1,Fall,All
90.39214881,12.540078,1.79,40,1,Fall,All
90.44163575,15.13824626,2.37,258,1,Fall,All
90.49113904,17.999441,0.95,6,1,Fall,All
90.54065866,17.16757504,6.59,240,1,Fall,All
89.06432014,9.177995976,1.27,56,1,Fall,All
89.1133687,6.484534881,2.35,247,1,Fall,All
89.40557546,9.310442733,1.84,332,1,Fall,All
91.09548681,12.27569098,2.09,63,1,Fall,All
91.44395492,15.49444211,0.89,51,1,Fall,All
91.17165809,18.27299302,2.92,254,1,Fall,All
91.22140239,21.22064767,1.79,41,1,Fall,All
91.4497986,24.38994907,1.43,307,1,Fall,All
91.49963473,25.61187149,1.16,58,1,Fall,All
91.52569386,28.28656319,1.21,56,1,Fall,All
91.30327379,22.09142678,2.12,353,1,Fall,All
90.84387782,24.27818845,3.54,29,1,Fall,All
90.8935139,26.72073389,0.83,220,1,Fall,All
91.1898894,28.78053517,0.15,7,1,Fall,All
91.24057334,30.60007186,1.92,241,1,Fall,All
88.04704124,7.911752917,1.81,307,1,Spring,All
90.22642516,9.901525553,2.4,232,1,Spring,All
92.85087002,12.77674197,1.99,268,1,Spring,All
93.90666819,15.84200004,1.64,227,1,Spring,All
93.89189387,18.43935362,1.73,240,1,Spring,All
93.39469679,20.47379016,1.64,286,1,Spring,All
93.18704763,21.56271942,2.18,72,1,Spring,All
92.91964479,22.553624,3.69,288,1,Spring,All
92.54493435,23.47359339,2.29,237,1,Spring,All
92.84434059,25.12552333,2.14,56,1,Spring,All
94.73346921,27.72153362,1.96,280,1,Spring,All
95.85877415,30.93430249,1.79,233,1,Spring,All
95.9100659,34.25428784,2.07,268,1,Spring,All
95.96137459,37.32178844,1.75,354,1,Spring,All
95.99963694,40.35026965,2.87,221,1,Spring,All
95.57339478,43.03942852,4.9,243,1,Spring,All
95.62459231,46.29240077,1.9,207,1,Spring,All
95.67580675,49.76934438,1.44,227,1,Spring,All
95.49057923,53.15415528,1.94,240,1,Spring,All
95.54174943,56.67335389,1.7,54,1,Spring,All
95.59293651,60.45817265,3.09,67,1,Spring,All
95.6441405,64.62557169,2.05,205,1,Spring,All
95.69536139,68.84951574,0,234,1,Spring,All
95.22048041,72.44463938,4,262,2,Spring,All
94.31786136,75.33597912,1.84,240,1,Spring,All
93.78818961,77.75417149,3.52,342,1,Spring,All
94.26895903,80.57318518,4.84,223,2,Spring,All
95.33767592,83.80725781,2.87,276,2,Spring,All
96.10133583,87.68877147,4.54,29,2,Spring,All
96.35801045,91.93369747,1.92,239,2,Spring,All
96.40946702,95.810217,1.02,235,2,Spring,All
96.08237127,99.3351957,2.29,252,2,Spring,All
95.7113107,102.4951209,4.64,4,2,Spring,All
96.91818124,105.9576563,1.97,24,2,Spring,All
97.43625807,110.178256,3.28,239,3,Spring,All
97.48807063,115.0653135,4.51,244,3,Spring,All
97.5221648,120.1270462,4.15,241,3,Spring,All
97.05517627,125.0204199,1.94,51,3,Spring,All
96.7395004,129.9343791,2.63,244,3,Spring,All
96.35066169,134.282431,0.8,238,2,Spring,All
96.55696276,139.1957246,3.76,217,3,Spring,All
97.05475142,144.4887676,3.5,299,3,Summer,All
97.10643803,149.5911376,2.65,298,3,Summer,All
96.88596353,154.1909503,1.49,351,3,Summer,All
96.93759441,159.1933924,1.3,238,3,Summer,All
97.154258,164.3432686,2.98,229,3,Summer,All
97.20597746,169.4060632,4.73,283,4,Summer,All
95.92833214,76.9817058,1.38,267,2,Summer,All
94.43720439,68.16797003,7.58,273,2,Summer,All
94.46430665,70.84824892,2.48,25,1,Summer,All
94.51513802,73.89885995,6.36,279,2,Summer,All
94.56598617,76.74747063,5.98,238,2,Summer,All
94.55749253,79.53756567,5.32,261,2,Summer,All
94.53995299,82.16870532,2.81,259,1,Summer,All
94.59080933,84.85076278,1.96,28,1,Summer,All
94.98046372,87.73293276,1.68,262,2,Summer,All
95.03295877,90.94392684,2.83,217,2,Summer,All
95.33810273,94.60114057,5.83,359,2,Summer,All
95.38922258,98.28726986,1.79,323,2,Summer,All
95.44035931,101.9343838,1.79,223,2,Summer,All
95.49151292,105.3865143,5.03,38,2,Summer,All
95.54268342,109.3015582,3.39,222,2,Summer,All
95.59387082,113.5521712,2.79,250,2,Summer,All
95.66737773,118.0357393,3.06,227,2,Summer,All
96.08412212,122.5733783,3.22,240,2,Summer,All
96.83101306,127.818491,1.34,232,3,Summer,All
97.18513354,133.386719,3.5,244,3,Summer,All
97.54101879,139.1878099,5.01,241,4,Summer,All
97.59286593,145.2339263,3.33,250,4,Summer,All
97.6447302,151.1292501,1.62,222,3,Summer,All
97.16239545,156.6238049,2.33,257,3,Summer,All
97.00068351,162.2183959,2.92,240,3,Summer,All
97.05235226,167.9303123,1.53,267,3,Summer,All
97.10403807,173.6154177,2.87,195,3,Summer,All
97.26916026,179.0826241,2.48,233,3,Summer,All
97.32091765,184.7049808,1.73,314,3,Summer,All
97.37269213,190.3071188,0.97,46,3,Summer,All
97.4244837,196.18014,2.26,240,4,Summer,All
97.47629238,202.2050038,3.22,214,4,Summer,All
97.52811815,208.2329194,3.02,357,4,Summer,All
97.57996104,214.1354525,3.35,210,4,Summer,All
97.63182104,219.7887069,1.42,37,4,Summer,All
97.63736626,225.5542105,1.06,232,4,Summer,All
97.52214729,230.9261904,1.82,325,4,Summer,All
97.31899544,236.1120167,2.7,135,4,Summer,All
96.06356209,240.3800232,3.37,272,3,Summer,All
95.90289186,244.6230456,2.1,35,3,Summer,All
95.95419818,249.4988939,1.68,299,3,Summer,All
96.69736995,254.7980229,1.4,241,3,Summer,All
97.33473969,260.3507459,1.73,237,4,Summer,All
97.4109869,265.9593795,2.94,51,4,Summer,All
97.46279111,271.4452142,1.94,3,4,Summer,All
97.51203733,276.6253544,1.7,222,4,Summer,All
97.42068649,281.6524476,1.49,285,4,Summer,All
97.33092491,286.599246,0.52,258,3,Summer,All
97.14481046,291.4442308,1.88,223,4,Summer,All
96.46545045,295.9355421,1.94,218,3,Summer,All
96.51694249,187.5959059,3.43,53,3,Summer,All
96.54940366,152.725441,2.74,223,3,Summer,All
96.60092342,116.5265444,1.27,219,2,Summer,All
95.77396352,110.0782485,2.63,302,2,Summer,All
95.57545171,95.11027756,2.43,235,2,Summer,All
95.62664993,101.3942781,3.34,222,2,Summer,All
95.67786504,107.7283062,0.43,209,2,Summer,All
95.72909707,113.7388862,0.86,290,2,Summer,All
95.61639432,119.2913544,2.44,41,2,Summer,All
95.50415527,124.7028068,2.2,265,2,Summer,All
95.55532994,130.1877981,1.7,219,2,Summer,All
95.60652151,135.7204085,2.14,236,2,Summer,All
95.65772998,141.4374656,1.08,260,2,Summer,All
96.78760137,147.5639398,1.34,278,3,Summer,All
97.15766439,153.7381611,1.99,219,3,Summer,All
97.20938497,144.6870232,1.7,248,3,Summer,All
96.85172464,150.6243727,2.38,251,3,Summer,All
96.56257118,156.431476,1.56,226,3,Summer,All
96.24678182,161.9688281,1.47,243,3,Summer,All
96.27577854,167.5065311,1.42,236,3,Summer,All
96.32720796,172.493312,1.99,238,3,Summer,All
96.37865437,177.4880365,2.12,182,3,Summer,All
96.19328586,182.2346975,0.86,275,3,Summer,All
95.69152546,186.8521713,0.99,234,2,Summer,All
95.62851664,191.4573071,0.69,284,2,Summer,All
95.14166703,180.873457,1.71,268,2,Summer,All
94.77004919,179.0159256,1.71,274,2,Summer,All
94.36348722,152.3863419,2.44,272,2,Summer,All
93.42336393,97.35686177,2.14,232,1,Summer,All
92.45410247,57.99214107,1.82,328,1,Summer,All
90.3779479,31.13512406,2.23,343,1,Summer,All
89.67118051,17.79954482,3.93,209,1,Summer,All
89.72042943,12.76931244,1.9,226,1,Summer,All
89.90120258,11.93453836,2.2,272,1,Summer,All
90.56683287,12.95014582,1.68,266,1,Summer,All
91.21151501,18.77992756,0.95,51,1,Summer,All
91.90105742,21.83320359,1.77,343,1,Summer,All
92.13943409,20.52247196,0.97,202,1,Summer,All
92.1894979,22.25628997,0.45,242,1,Summer,All
92.23957824,20.44696716,1.88,180,1,Summer,All
92.28967511,21.58175139,2.07,206,1,Summer,All
92.33978853,20.11316026,1.51,242,1,Summer,All
92.38991849,17.17229348,1.47,241,1,Summer,All
92.44006499,19.43339645,0.89,246,1,Summer,All
92.49022806,18.50192765,0.8,266,1,Summer,All
91.85490057,14.06520114,0.47,30,1,Summer,All
91.35465301,12.73238754,1.92,149,1,Summer,All
91.40445773,12.68859999,2.66,88,1,Summer,All
92.07939775,17.31165129,2.23,231,1,Summer,All
92.76160955,23.90687553,2.63,49,1,Summer,All
93.23397026,30.41905248,5.59,340,1,Summer,All
93.28439543,35.58801845,2.63,204,1,Summer,All
93.33483725,40.34339084,2.1,32,1,Summer,All
93.38529573,45.1616309,0.76,31,1,Summer,All
93.60549866,50.03761264,1.51,301,1,Summer,All
94.25372926,55.03119878,3.15,47,1,Summer,All
94.47228123,59.92826017,2.91,173,1,Summer,All
94.52311523,64.59512648,1.4,255,1,Summer,All
94.57396602,69.04840868,1.21,251,1,Summer,All
94.33580546,73.21141443,1.97,61,1,Summer,All
92.94129305,69.46710309,1.9,285,1,Summer,All
91.63527398,51.73151846,3.45,224,1,Summer,All
90.38436859,33.21316613,1.17,306,1,Summer,All
90.43385297,25.98318463,2.14,243,1,Summer,All
90.74459703,29.24809997,1.27,217,1,Summer,All
91.33074843,32.28665696,3.78,77,1,Fall,All
91.83935526,35.65079986,2.57,255,1,Fall,All
92.55418133,39.39106978,1.32,40,1,Fall,All
92.73224858,43.09338326,2.27,207,1,Fall,All
92.8206387,46.91195413,1.3,259,1,Fall,All
92.87092742,50.79724094,1.6,240,1,Fall,All
92.92123273,54.57622119,1.68,38,1,Fall,All
92.97155465,58.17084799,1.17,249,1,Fall,All
93.16484287,61.96971923,1.38,238,1,Fall,All
93.21524522,65.30002921,0.76,22,1,Fall,All
94.95032863,68.53086494,2.16,242,1,Fall,All
95.61891516,71.92064073,3.15,275,2,Fall,All
95.67012772,75.27353918,2.76,360,2,Fall,All
95.43572943,78.52988335,0.63,320,1,Fall,All
94.2533843,81.49028417,1.7,223,1,Fall,All
93.88395516,84.61637679,2.81,57,1,Fall,All
93.93459492,87.46256919,2.12,32,1,Fall,All
93.98525141,90.43084624,1.43,226,1,Fall,All
94.06760443,93.5272619,1.56,70,1,Fall,All
94.11830483,96.60209003,2.01,19,2,Fall,All
94.16902196,99.68049525,2.55,42,2,Fall,All
95.03949854,102.8066621,1.97,223,2,Fall,All
95.09051981,105.6854558,3,277,2,Fall,All
95.14155793,108.4761772,1.21,292,2,Fall,All
95.19261289,111.4200711,2.01,28,2,Fall,All
95.24368471,114.3984432,1.27,242,2,Fall,All
94.98171146,117.2542222,1.34,194,2,Fall,All
94.47887212,119.8085453,1.21,58,2,Fall,All
93.14697674,87.05339145,2.68,355,1,Fall,All
92.320562,89.02800576,1.39,222,1,Fall,All
92.37068561,90.6237093,0.93,223,1,Fall,All
92.74697245,92.45305196,1.88,288,1,Fall,All
92.79723684,94.45782692,3.99,198,1,Fall,All
92.54500092,96.42375489,2.03,268,1,Fall,All
92.46861367,98.14706132,1.08,45,1,Fall,All
92.380009,84.69137874,2.2,242,1,Fall,All
92.4071578,86.39519995,1.51,64,1,Fall,All
92.45731,88.29546675,0.99,268,1,Fall,All
92.50747876,90.39302787,1.92,52,1,Fall,All
92.55766408,92.40284779,1.68,189,1,Fall,All
92.35574242,88.50693623,1.23,238,1,Fall,All
91.41169089,50.87909719,0,255,1,Fall,All
91.20824945,43.89931333,1.73,70,1,Fall,All
90.82243887,36.34673548,0,210,1,Fall,All
90.74141118,38.45656301,0.71,12,1,Fall,All
90.79101343,40.40129721,1.4,227,1,Fall,All
90.86615937,42.32882723,2.09,41,1,Fall,All
90.42016088,8.655742274,1.53,270,1,Spring,All
92.19388195,11.52891443,2.53,257,1,Spring,All
93.5813233,14.65138998,5.27,240,1,Spring,All
94.05203684,18.16927614,4.88,213,1,Spring,All
94.13240581,21.77940534,5.1,39,1,Spring,All
94.1831276,25.13352933,2.4,280,1,Spring,All
93.58871543,27.76934536,3.74,42,1,Spring,All
93.63925773,30.8554575,2.38,256,1,Spring,All
93.6898167,34.1221035,3.02,162,1,Spring,All
93.74039237,37.56847174,1.94,322,1,Spring,All
94.04364891,41.46603887,2.14,253,1,Spring,All
94.0943414,45.15565237,2.29,224,1,Spring,All
94.14505062,48.56919544,4.86,252,1,Spring,All
94.10076553,51.79890162,1.24,310,1,Spring,All
93.83048945,50.90999229,1.94,222,1,Spring,All
92.8802744,39.60571353,4.06,240,1,Spring,All
92.65978927,41.44004033,2.1,211,1,Spring,All
92.71002487,43.58409415,1.86,188,1,Spring,All
92.76027707,45.57474387,3.2,66,1,Spring,All
92.83800293,47.86969068,3.15,230,1,Spring,All
93.5870872,50.59255358,1.77,70,1,Spring,All
94.87746118,53.92820757,2.07,224,1,Spring,All
95.63677048,57.73109069,1.53,251,1,Spring,All
95.49721088,61.25330866,7.21,68,2,Spring,All
94.02303813,50.26045531,3.82,240,1,Spring,All
92.84355209,51.93079037,1.47,226,1,Spring,All
92.6521931,54.27569718,3.73,248,1,Spring,All
92.7024262,57.46493809,2.14,335,1,Spring,All
93.96678181,61.40797107,2.23,85,1,Spring,All
94.40919035,65.4976019,5.03,59,1,Spring,All
94.46000352,69.76489209,5.43,272,1,Spring,All
94.51083347,73.84451164,2.66,64,1,Spring,All
94.5616802,77.93735133,2.14,230,1,Spring,All
94.44908897,81.44211473,2.09,37,1,Spring,All
94.06227621,84.48145569,2.44,22,1,Spring,All
92.93424454,86.81612667,2.1,257,1,Spring,All
92.49345848,85.55119952,4.27,51,1,Spring,All
92.54363917,87.42185138,1.81,61,1,Spring,All
92.59383643,89.43277289,1.15,218,1,Spring,All
92.64405026,91.49287218,2.85,241,1,Spring,All
92.77210959,94.10548365,1.86,296,1,Spring,All
93.86586807,97.13237196,2.35,185,1,Summer,All
93.91650187,94.92639078,1.45,236,1,Summer,All
93.49573164,97.50007426,2.31,68,1,Summer,All
93.54624324,100.4374999,8.49,171,2,Summer,All
94.1065366,104.1209761,1.75,215,2,Summer,All
96.5392119,108.7546491,2.46,352,2,Summer,All
97.44064007,114.0676224,2.89,250,3,Summer,All
97.49245408,119.4678571,3.39,232,3,Summer,All
97.39133076,124.548833,3.82,245,3,Summer,All
97.44312848,129.7318493,1.75,250,3,Summer,All
97.49494331,135.2371024,1.92,225,3,Summer,All
97.44530735,140.6999783,2.03,306,3,Summer,All
97.34720529,145.9117558,3,233,3,Summer,All
97.39898845,151.4481607,4.66,234,4,Summer,All
97.45078871,156.5629479,6.48,78,5,Summer,All
97.50260606,161.6731703,2.81,44,4,Summer,All
97.50483933,166.367562,1.86,287,3,Summer,All
97.22839852,170.4210845,3.61,258,4,Summer,All
97.12792548,174.5345029,2.27,10,3,Summer,All
97.17963625,179.2239363,4.38,5,4,Summer,All
97.23136408,184.1549469,2.18,222,3,Summer,All
97.283109,189.1880347,3.37,155,4,Summer,All
97.334871,194.5939394,2.65,259,4,Summer,All
97.38665008,199.8232784,1.86,211,4,Summer,All
97.42819782,205.029413,2.22,194,4,Summer,All
97.48000772,210.5033145,1.64,18,4,Summer,All
97.53183473,216.0760484,3.07,218,4,Summer,All
97.58367884,221.5366613,1.36,208,4,Summer,All
97.63554007,227.2462129,2.79,213,4,Summer,All
97.52332491,232.7189905,2.35,272,4,Summer,All
97.57516622,238.3390368,1.96,289,4,Summer,All
97.62702464,243.9063334,3.76,28,4,Summer,All
97.50754322,249.3803359,3.87,308,4,Summer,All
97.05194182,254.6301885,2.05,51,4,Summer,All
97.03899276,260.0772533,3.52,229,4,Summer,All
96.89367432,265.2389341,1.79,311,3,Summer,All
96.68898348,270.2533025,2.59,221,3,Summer,All
96.66408609,275.3805672,1.75,235,3,Summer,All
96.71564372,280.6202904,2.64,89,3,Summer,All
96.76721837,286.0196911,4,67,4,Summer,All
96.89822099,291.5430586,1.56,166,3,Summer,All
96.94985592,297.0666623,2.81,237,4,Summer,All
97.00150789,302.2407176,2.61,235,4,Summer,All
97.05317692,307.6164055,2.84,234,4,Summer,All
96.47835252,312.0139582,2.38,127,3,Summer,All
95.43874822,315.5962898,2.2,267,3,Summer,All
95.20761056,319.5479045,3.73,222,3,Summer,All
95.25868733,323.7694419,1.82,318,3,Summer,All
95.2178835,327.8774253,1.38,226,3,Summer,All
95.26896367,332.0284213,0.88,182,2,Summer,All
95.07895657,335.9959625,2.68,266,3,Summer,All
95.12999087,340.1421471,1.12,250,2,Summer,All
95.18104201,344.1595059,0.72,242,2,Summer,All
95.22387387,348.0751717,2.25,305,3,Summer,All
95.18206659,352.0086926,1.96,219,3,Summer,All
95.81304255,356.4888037,1.81,265,3,Summer,All
95.86431921,361.2105312,2.58,234,3,Summer,All
95.91561279,365.8285038,1.25,288,3,Summer,All
95.74103707,370.1938806,1.62,215,3,Summer,All
94.86709176,374.1296927,2.35,183,3,Summer,All
94.56292612,378.1404688,1.27,241,2,Summer,All
94.30508056,382.0925483,3.46,266,2,Summer,All
94.05129787,386.0436128,4.02,263,2,Summer,All
94.06098748,185.8353481,0.75,254,2,Summer,All
94.08096668,189.9825036,1.51,28,2,Summer,All
94.13167149,194.1824879,1.81,288,2,Summer,All
94.18239304,198.4247128,3.02,224,2,Summer,All
94.23313133,143.2292423,2.59,190,2,Summer,All
94.28388638,148.556139,3.61,209,2,Summer,All
94.33465818,153.8973019,2.85,240,2,Summer,All
95.21718721,159.6464878,1.56,240,2,Summer,All
95.26826714,165.0703278,1.84,41,2,Summer,All
95.31936394,170.2569292,1.49,17,2,Summer,All
95.3704776,175.4168604,2.74,220,3,Summer,All
94.57858632,179.9935238,2.09,236,2,Summer,All
93.98464102,111.2841754,0.23,306,1,Summer,All
93.56120172,76.43903005,1.01,237,1,Summer,All
93.61173493,56.45975092,1.9,248,1,Summer,All
93.66228482,52.68881669,1.51,263,1,Summer,All
93.84009551,59.38964345,0.99,271,1,Summer,All
94.07240729,66.07380242,1.68,227,1,Summer,All
94.15306806,42.61820109,1.12,339,1,Summer,All
94.20379667,35.33425095,1.81,257,1,Summer,All
93.44092982,30.1325452,1.6,270,1,Summer,All
91.61218383,20.55765391,3.74,232,1,Summer,All
91.46254812,16.89724119,1.58,270,1,Summer,All
91.51238846,14.40207188,1.32,347,1,Summer,All
91.56224525,12.89422229,1.94,219,1,Summer,All
91.57973927,11.35539633,2.92,205,1,Summer,All
91.6296183,16.99687317,1.62,220,1,Summer,All
91.93413767,22.86866682,1.86,227,1,Summer,All
92.53593913,29.0185916,3.45,219,1,Summer,All
93.29701892,35.65206317,1.53,220,1,Summer,All
93.3474649,41.89287407,1.28,321,1,Summer,All
93.39792755,38.94618021,1.23,270,1,Summer,All
93.04786484,30.62663651,2.05,227,1,Summer,All
92.79045452,24.42072988,7.68,192,1,Summer,All
92.77931961,25.96074275,1.21,223,1,Summer,All
92.82959468,31.42551009,0.86,213,1,Summer,All
92.87988635,36.89286958,3.32,151,1,Summer,All
92.93019462,42.26850556,1.49,74,1,Summer,All
92.9805195,47.62458278,2.2,226,1,Summer,All
93.030861,44.71871171,1.82,234,1,Summer,All
93.08121911,38.41386986,0.93,235,1,Summer,All
93.13159385,35.58912981,1.82,59,1,Summer,All
93.18198523,40.50175292,2.57,251,1,Summer,All
92.78051043,45.60394642,1.51,243,1,Summer,All
92.83078589,50.28612216,2.55,233,1,Summer,All
92.88107795,48.66404228,1.14,240,1,Summer,All
92.93138662,53.68892242,2.46,320,1,Summer,All
92.98171189,58.61884627,2.01,312,1,Summer,All
93.07906465,63.53863088,2.49,41,1,Summer,All
94.92937344,68.9639887,0.43,202,1,Summer,All
94.98035835,74.05605379,1.75,240,1,Summer,All
95.03136009,78.8729643,1.7,223,1,Summer,All
95.06355374,83.58135578,2.27,262,2,Summer,All
95.11458295,88.31508871,0.65,296,2,Summer,All
94.82217356,92.73976147,2.07,343,2,Summer,All
94.09753604,96.64814476,1.16,68,1,Summer,All
94.14824632,100.7256752,2.4,238,2,Summer,All
94.19897334,104.8582839,1.77,326,2,Summer,All
94.41776663,109.1181738,2.02,51,2,Fall,All
94.55727343,113.4204087,2.61,110,2,Fall,All
95.09412767,117.7502257,1.58,263,2,Fall,All
95.14516697,121.9082913,0.89,328,2,Fall,All
95.19622313,125.9392188,2.02,109,2,Fall,All
95.24729614,129.9048963,0.91,232,2,Fall,All
95.53310727,133.9704182,5.09,209,3,Fall,All
95.58429151,138.0348373,1.17,215,2,Fall,All
95.63549264,142.056402,1.25,78,2,Fall,All
95.68671068,145.8902053,1.84,254,2,Fall,All
94.14452614,124.0510128,1.49,309,2,Fall,All
93.95703821,127.3628548,1.38,245,2,Fall,All
94.0077021,130.6858728,1.75,12,2,Fall,All
93.39877709,118.7278348,2.22,223,2,Fall,All
91.80365726,68.66819725,1.23,49,1,Fall,All
91.38868385,55.99785081,1.4,36,1,Fall,All
91.4384998,58.92601832,1.88,66,1,Fall,All
91.89609885,61.9541757,1.68,170,1,Fall,All
91.94608233,65.10811003,0.2,51,1,Fall,All
91.9960823,68.3450536,1.21,53,1,Fall,All
92.04609879,71.44453647,2.66,230,1,Fall,All
92.09613178,74.18927107,3.32,64,1,Fall,All
92.12367568,76.75327567,1.47,221,1,Fall,All
90.87745414,66.58491107,2.11,205,1,Fall,All
90.43995358,46.65412107,1.71,263,1,Fall,All
90.69085235,49.48916908,0.63,357,1,Fall,All
90.96233263,52.4050981,1.9,29,1,Fall,All
91.01200782,55.14568488,1.75,36,1,Fall,All
91.06169941,57.6623392,1.71,225,1,Fall,All
91.44288984,59.77746059,1.02,190,1,Fall,All
91.49272369,62.09441607,1.84,27,1,Fall,All
91.54257399,64.59970514,1.94,232,1,Fall,All
91.4527635,66.71589508,1.06,228,1,Fall,All
91.00030207,41.8754654,1.86,243,1,Fall,All
90.73771891,43.06375316,2.2,35,1,Fall,All
90.78731994,44.89027515,2.22,231,1,Fall,All
91.32246933,47.14582613,2.81,39,1,Fall,All
91.58895708,49.64086022,4.22,65,1,Fall,All
91.63883915,52.37798105,1.16,52,1,Fall,All
91.68873769,55.1920922,5.91,21,1,Fall,All
91.71919014,57.72598939,0.8,228,1,Fall,All
91.68520095,59.96400898,1.11,238,1,Fall,All
91.7351148,61.43202401,1.62,0,1,Fall,All
92.50563875,63.28401345,1.58,260,1,Fall,All
93.30767333,65.54319545,3.5,251,1,Fall,All
93.35812284,67.57663276,3.73,49,1,Fall,All
93.35048561,69.38419966,1.14,44,1,Fall,All
88.41812481,7.73102343,4.17,25,1,Spring,All
90.95069601,9.246345353,1.17,212,1,Spring,All
93.85059056,11.29925867,1.47,240,1,Spring,All
95.22616794,14.18644755,1.75,216,1,Spring,All
94.97361464,16.65703772,2.74,66,1,Spring,All
94.91923839,19.25228463,2.12,242,1,Spring,All
95.13106925,22.18239978,4.49,277,1,Spring,All
95.48361813,25.66168328,2.87,66,1,Spring,All
95.53478602,28.82952336,1.1,289,1,Spring,All
94.83488685,30.95232214,1.99,123,1,Spring,All
94.62770945,32.13030917,2.59,70,1,Spring,All
94.67859476,32.91060365,4.25,59,1,Spring,All
94.72949688,34.24761233,2.35,255,1,Spring,All
96.41032976,37.0832878,2.05,226,1,Spring,All
96.44084295,39.74043938,1.43,278,1,Spring,All
95.91467315,41.34646406,3.28,233,1,Spring,All
95.74505403,42.94439411,1.88,62,1,Spring,All
95.79630824,44.94446709,2.94,214,1,Spring,All
95.43040478,28.77185087,1.68,50,1,Spring,All
92.92981516,12.56041765,4.27,234,1,Spring,All
92.63760544,14.46059539,4.1,260,1,Spring,All
92.90024167,16.8182644,1.44,275,1,Spring,All
94.29514739,19.74290091,1.81,250,1,Spring,All
94.39305212,22.66899991,1.34,67,1,Spring,All
94.44385996,25.64231948,2.96,234,1,Spring,All
95.25071705,29.16177368,2.14,224,1,Spring,All
95.30180806,32.93250117,3.46,233,1,Spring,All
95.78972213,36.8222963,3.97,260,1,Spring,All
95.68351213,40.35913546,2.19,164,1,Spring,All
93.62629134,42.24777427,2.12,214,1,Spring,All
92.8974023,44.63030491,3.89,270,1,Spring,All
93.34099355,47.83433986,5.03,257,1,Spring,All
94.91869002,51.8027922,1.55,238,1,Spring,All
94.9696714,55.73617903,1.96,35,1,Spring,All
93.99140796,54.40773528,2.83,257,1,Spring,All
94.0420832,57.2851992,3.09,315,1,Spring,All
94.78189716,61.10570522,2.03,241,1,Spring,All
95.59500088,65.38811301,2.1,277,1,Spring,All
95.63315803,69.49944371,6.15,100,2,Spring,All
95.6843753,73.82167563,2.09,223,2,Spring,All
96.90542699,78.96828852,3.82,271,2,Spring,All
97.54235011,84.58110056,4.58,260,2,Summer,All
97.67421253,89.91156216,3.26,222,2,Summer,All
98.00129642,95.67483878,5.39,170,3,Summer,All
98.05329552,101.2782141,3.26,51,3,Summer,All
98.04106086,106.1509034,1.99,258,3,Summer,All
97.80067921,110.6927207,2.56,31,3,Summer,All
97.45303935,115.2919553,2.03,292,3,Summer,All
97.50485746,120.2697074,2.48,41,3,Summer,All
97.49893979,125.0681897,4.42,218,3,Summer,All
97.55077305,129.9390036,4.53,225,4,Summer,All
97.60262341,134.9823467,3.17,259,3,Summer,All
97.6544909,139.8896773,1.51,236,3,Summer,All
97.23929941,144.3482247,3.3,241,3,Summer,All
95.99907485,69.08035424,1.73,265,2,Summer,All
93.60665975,50.81083071,2.79,256,1,Summer,All
93.61858968,53.10896045,2.1,222,1,Summer,All
93.89287098,55.96636731,2.25,62,1,Summer,All
94.79881652,58.91609873,2.46,261,1,Summer,All
95.83962374,61.90257118,4.6,236,2,Summer,All
96.97757083,65.50429313,3.2,261,2,Summer,All
97.22326542,69.52305549,3.17,217,2,Summer,All
97.27500766,73.87578583,2.53,216,2,Summer,All
97.32676698,78.28470154,2.12,267,2,Summer,All
97.37854339,82.66353677,2.81,312,2,Summer,All
97.42996567,86.86620911,1.92,360,2,Summer,All
97.66315683,91.28819286,3.24,211,3,Summer,All
98.95288367,96.00176408,1.97,221,3,Summer,All
99.08128385,100.9385404,1.65,295,3,Summer,All
99.10906106,106.9867489,0.35,246,3,Summer,All
98.66427323,112.7833498,4.84,217,4,Summer,All
98.47821439,118.7689572,2.14,215,3,Summer,All
98.45980198,125.1327822,6.95,39,5,Summer,All
98.50089605,131.6827237,2.89,216,4,Summer,All
98.49334741,138.1657149,2.53,239,4,Summer,All
98.42769596,144.3609367,0.69,252,3,Summer,All
98.16043364,150.1521625,5.38,306,5,Summer,All
97.73836046,155.5917899,3.97,203,4,Summer,All
97.14701452,160.7458492,2.53,261,3,Summer,All
97.19873159,166.2686687,1.68,218,3,Summer,All
97.25046573,172.0748561,1.51,252,3,Summer,All
97.30221695,178.0041239,5.48,225,4,Summer,All
97.35398525,184.1791633,2.68,224,4,Summer,All
97.47449305,190.8549399,1.9,241,4,Summer,All
97.83894909,197.8325035,1.94,196,4,Summer,All
97.8908946,203.9728726,1.56,249,4,Summer,All
97.94285726,209.6216148,3.04,221,4,Summer,All
97.99483707,215.4188904,1.34,206,4,Summer,All
98.04683405,221.055785,1.21,238,4,Summer,All
97.85155533,181.46084,1.81,275,4,Summer,All
96.58166902,106.1936501,2.07,256,2,Summer,All
93.66173477,68.68684322,1.77,225,1,Summer,All
92.87738663,46.74953618,1.14,222,1,Summer,All
92.81660205,41.25986355,1.14,276,1,Summer,All
92.86688943,35.68103263,2.22,356,1,Summer,All
92.91719341,36.50356134,2.74,335,1,Summer,All
92.967514,40.09113126,1.42,212,1,Summer,All
93.38580946,46.63651379,1.97,198,1,Summer,All
93.81274173,53.27688208,2.6,237,1,Summer,All
95.30609549,60.36084297,1.12,339,1,Summer,All
95.35720478,66.84269533,2.65,299,1,Summer,All
95.40833094,73.06639099,1.4,243,1,Summer,All
95.45947398,74.76340515,1.66,189,1,Summer,All
95.5106339,78.56752154,2.2,277,2,Summer,All
95.56181071,84.67951657,1.23,263,2,Summer,All
95.61300442,90.62216469,1.43,210,2,Summer,All
95.66421504,96.4041527,1.68,282,2,Summer,All
95.71544256,102.1990848,3.56,235,2,Summer,All
96.30251672,105.3011623,1.97,200,2,Summer,All
96.34661475,103.7233455,1.36,210,2,Summer,All
96.03438835,95.86694317,2.23,244,2,Summer,All
95.03877891,80.44544209,0.69,228,1,Summer,All
93.89859083,75.65841535,1.28,200,1,Summer,All
93.48393386,69.76095066,3.28,215,1,Summer,All
93.32334903,57.0661167,1.86,291,1,Summer,All
92.41949519,49.17591106,1.36,209,1,Summer,All
92.41866407,40.19306385,2.25,187,1,Summer,All
92.46882007,45.63760205,2.18,213,1,Summer,All
92.51899263,35.5990239,2.68,264,1,Summer,All
92.56918175,41.42050772,1.3,220,1,Summer,All
92.8171979,47.05523486,2.18,240,1,Summer,All
93.88398689,53.07957887,2.03,234,1,Summer,All
95.06553677,59.42932013,3.8,226,1,Summer,All
96.17004493,66.15933683,1.99,228,2,Summer,All
96.67521467,72.91337632,3.35,220,2,Summer,All
96.79894877,79.52443309,1.75,171,2,Summer,All
96.85055092,85.8566458,1.73,180,2,Summer,All
96.90217011,91.93618346,1.36,190,2,Summer,All
96.63269714,81.78459247,1.4,223,2,Summer,All
96.43067853,87.61962066,1.88,263,2,Summer,All
96.39405634,93.14721832,1.21,227,2,Summer,All
96.44552481,98.76451336,1.34,280,2,Summer,All
96.50546962,104.594647,4.28,251,2,Summer,All
96.76838716,110.5787015,5.09,301,3,Summer,All
96.7109979,116.1830448,1.62,273,2,Summer,All
96.40529552,121.4161773,2.48,38,2,Summer,All
96.29992824,113.8808108,3.87,359,3,Summer,All
96.06086908,119.2370987,1.6,254,2,Summer,All
95.39001324,124.055302,1.36,245,2,Summer,All
94.43087492,128.2363027,2.37,243,2,Summer,All
93.80048163,132.2386326,1.68,85,2,Summer,All
93.40690804,135.9765809,2.02,194,2,Summer,All
93.45739031,139.836744,1.58,160,2,Summer,All
93.50788924,143.7828088,3.11,53,2,Summer,All
93.55840485,147.6535365,1.96,345,2,Summer,All
93.60893714,151.5938874,1.73,354,2,Summer,All
93.58418752,155.4992457,1.23,238,2,Summer,All
93.63472831,159.5959373,7.13,50,2,Summer,All
93.89868452,163.3617398,2.05,48,2,Summer,All
94.42722409,167.3376791,1.4,343,2,Summer,All
94.47804321,171.2633965,1.58,355,2,Summer,All
94.24779737,134.0007027,1.84,304,2,Summer,All
93.60863398,120.0320672,1.96,245,2,Summer,All
93.16891498,84.72451889,3.22,218,1,Summer,All
92.68282709,68.4595811,1.32,326,1,Summer,All
91.29763427,28.90557678,1.97,223,1,Summer,All
90.45805646,16.14238247,2.92,236,1,Summer,All
90.16891649,11.02437035,2.55,214,1,Summer,All
90.21832974,14.8874014,1.58,236,1,Summer,All
90.27192324,18.90362452,1.58,237,1,Summer,All
90.96890448,23.0209947,1.14,240,1,Summer,All
91.26018898,26.94558496,1.4,34,1,Summer,All
92.44088694,31.06005822,1.51,243,1,Fall,All
93.00427796,35.01662804,1.7,38,1,Fall,All
94.19965307,39.5154942,2.85,260,1,Fall,All
95.09179249,44.25470147,2.85,61,1,Fall,All
95.47500639,49.02625924,1.94,325,1,Fall,All
95.6224758,53.83779465,1.97,108,1,Fall,All
95.67368953,58.62640324,2.01,204,1,Fall,All
95.72492018,63.38707951,4.22,28,2,Fall,All
96.01159556,68.18925804,3.78,230,2,Fall,All
96.06293777,72.80514566,1.96,60,2,Fall,All
96.07167284,77.22336091,2.89,46,2,Fall,All
95.63354921,81.07834773,1.77,72,2,Fall,All
94.87412813,84.63153982,1.73,261,2,Fall,All
94.9250948,88.43280569,1.51,276,2,Fall,All
95.50421205,92.442268,2.36,189,2,Fall,All
95.66846572,96.35069212,2.61,262,2,Fall,All
93.57644247,98.62188406,1.34,290,1,Fall,All
93.45339382,100.7953119,1.06,180,1,Fall,All
93.42021284,102.6393265,2.7,60,1,Fall,All
94.43361965,104.8331545,1.6,170,2,Fall,All
96.38898223,107.4760103,1.34,262,2,Fall,All
96.44044903,110.2074347,3.53,219,2,Fall,All
96.20203691,112.6074732,1.92,250,2,Fall,All
96.07196698,114.9552541,2.5,71,2,Fall,All
96.12115288,117.3511501,2.16,49,2,Fall,All
96.17253126,119.9361607,1.97,234,2,Fall,All
96.16364446,122.6701059,2.76,11,2,Fall,All
95.71825293,124.9169844,1.02,268,2,Fall,All
95.52048552,127.070314,1.73,6,2,Fall,All
95.57166559,129.4143714,1.51,355,2,Fall,All
95.47121646,131.6126951,2.03,38,2,Fall,All
95.52238027,133.8941518,1.66,212,2,Fall,All
95.57356096,136.3546078,1.9,186,2,Fall,All
95.68379689,138.8645987,0.32,259,2,Fall,All
95.73503088,141.4125049,1.62,46,2,Fall,All
95.82436106,143.8332092,1.28,246,2,Fall,All
95.87564145,146.1749513,1.75,222,2,Fall,All
95.1392506,148.1506543,1.94,49,2,Fall,All
94.15072354,149.4072564,1.79,274,2,Fall,All
93.39889012,150.3287993,1.86,246,2,Fall,All
90.63634526,76.52822783,1.94,301,1,Fall,All
87.9454061,39.12856551,2.47,44,1,Fall,All
87.99408525,27.69850456,0.84,264,1,Fall,All
88.04278047,21.24605028,2.42,57,1,Fall,All
88.98399057,22.18730591,4.9,302,1,Fall,All
90.49524399,23.63379873,2.35,2,1,Fall,All
91.74495119,25.53996512,3.91,25,1,Fall,All
